"CHROM","BIN_START","TajD_Europe","pi_Europe"
"NC_058198.1",0,-0.185452,NA
"NC_058198.1",1,NA,0.000186113
"NC_058198.1",10000,NA,NA
"NC_058198.1",20000,NA,NA
"NC_058198.1",30000,NA,NA
"NC_058198.1",40000,NA,NA
"NC_058198.1",50000,NA,NA
"NC_058198.1",60000,NA,NA
"NC_058198.1",70000,NA,NA
"NC_058198.1",80000,NA,NA
"NC_058198.1",90000,NA,NA
"NC_058198.1",100000,NA,NA
"NC_058198.1",110000,NA,NA
"NC_058198.1",120000,NA,NA
"NC_058198.1",130000,NA,NA
"NC_058198.1",140000,NA,NA
"NC_058198.1",150000,NA,NA
"NC_058198.1",160000,NA,NA
"NC_058198.1",170000,NA,NA
"NC_058198.1",180000,NA,NA
"NC_058198.1",190000,NA,NA
"NC_058198.1",200000,NA,NA
"NC_058198.1",210000,NA,NA
"NC_058198.1",220000,NA,NA
"NC_058198.1",230000,NA,NA
"NC_058198.1",240000,NA,NA
"NC_058198.1",250000,NA,NA
"NC_058198.1",260000,NA,NA
"NC_058198.1",270000,NA,NA
"NC_058198.1",280000,NA,NA
"NC_058198.1",290000,NA,NA
"NC_058198.1",300000,NA,NA
"NC_058198.1",310000,NA,NA
"NC_058198.1",320000,NA,NA
"NC_058198.1",330000,NA,NA
"NC_058198.1",340000,NA,NA
"NC_058198.1",350000,NA,NA
"NC_058198.1",360000,NA,NA
"NC_058198.1",370000,NA,NA
"NC_058198.1",380000,NA,NA
"NC_058198.1",390000,NA,NA
"NC_058198.1",400000,NA,NA
"NC_058198.1",410000,NA,NA
"NC_058198.1",420000,NA,NA
"NC_058198.1",430000,NA,NA
"NC_058198.1",440000,NA,NA
"NC_058198.1",450000,NA,NA
"NC_058198.1",460000,NA,NA
"NC_058198.1",470000,NA,NA
"NC_058198.1",480000,NA,NA
"NC_058198.1",490000,NA,NA
"NC_058198.1",500000,NA,NA
"NC_058198.1",510000,NA,NA
"NC_058198.1",520000,NA,NA
"NC_058198.1",530000,NA,NA
"NC_058198.1",540000,NA,NA
"NC_058198.1",550000,NA,NA
"NC_058198.1",560000,NA,NA
"NC_058198.1",570000,NA,NA
"NC_058198.1",580000,NA,NA
"NC_058198.1",590000,NA,NA
"NC_058198.1",600000,NA,NA
"NC_058198.1",610000,NA,NA
"NC_058198.1",620000,NA,NA
"NC_058198.1",630000,NA,NA
"NC_058198.1",640000,NA,NA
"NC_058198.1",650000,NA,NA
"NC_058198.1",660000,NA,NA
"NC_058198.1",670000,NA,NA
"NC_058198.1",680000,NA,NA
"NC_058198.1",690000,NA,NA
"NC_058198.1",700000,NA,NA
"NC_058198.1",710000,NA,NA
"NC_058198.1",720000,NA,NA
"NC_058198.1",730000,NA,NA
"NC_058198.1",740000,NA,NA
"NC_058198.1",750000,NA,NA
"NC_058198.1",760000,NA,NA
"NC_058198.1",770000,NA,NA
"NC_058198.1",780000,NA,NA
"NC_058198.1",790000,NA,NA
"NC_058198.1",800000,NA,NA
"NC_058198.1",810000,NA,NA
"NC_058198.1",820000,NA,NA
"NC_058198.1",830000,NA,NA
"NC_058198.1",840000,NA,NA
"NC_058198.1",850000,NA,NA
"NC_058198.1",860000,NA,NA
"NC_058198.1",870000,NA,NA
"NC_058198.1",880000,NA,NA
"NC_058198.1",890000,NA,NA
"NC_058198.1",900000,NA,NA
"NC_058198.1",910000,NA,NA
"NC_058198.1",920000,NA,NA
"NC_058198.1",930000,NA,NA
"NC_058198.1",940000,NA,NA
"NC_058198.1",950000,NA,NA
"NC_058198.1",960000,NA,NA
"NC_058198.1",970000,NA,NA
"NC_058198.1",980000,NA,NA
"NC_058198.1",990000,NA,NA
"NC_058198.1",1000000,NA,NA
"NC_058198.1",1010000,NA,NA
"NC_058198.1",1020000,NA,NA
"NC_058198.1",1030000,NA,NA
"NC_058198.1",1040000,NA,NA
"NC_058198.1",1050000,NA,NA
"NC_058198.1",1060000,NA,NA
"NC_058198.1",1070000,NA,NA
"NC_058198.1",1080000,NA,NA
"NC_058198.1",1090000,NA,NA
"NC_058198.1",1100000,NA,NA
"NC_058198.1",1110000,NA,NA
"NC_058198.1",1120000,NA,NA
"NC_058198.1",1130000,NA,NA
"NC_058198.1",1140000,NA,NA
"NC_058198.1",1150000,NA,NA
"NC_058198.1",1160000,NA,NA
"NC_058198.1",1170000,NA,NA
"NC_058198.1",1180000,NA,NA
"NC_058198.1",1190000,NA,NA
"NC_058198.1",1200000,NA,NA
"NC_058198.1",1210000,NA,NA
"NC_058198.1",1220000,NA,NA
"NC_058198.1",1230000,NA,NA
"NC_058198.1",1240000,NA,NA
"NC_058198.1",1250000,NA,NA
"NC_058198.1",1260000,NA,NA
"NC_058198.1",1270000,NA,NA
"NC_058198.1",1280000,NA,NA
"NC_058198.1",1290000,NA,NA
"NC_058198.1",1300000,NA,NA
"NC_058198.1",1310000,NA,NA
"NC_058198.1",1320000,NA,NA
"NC_058198.1",1330000,NA,NA
"NC_058198.1",1340000,NA,NA
"NC_058198.1",1350000,NA,NA
"NC_058198.1",1360000,NA,NA
"NC_058198.1",1370000,NA,NA
"NC_058198.1",1380000,NA,NA
"NC_058198.1",1390000,NA,NA
"NC_058198.1",1400000,NA,NA
"NC_058198.1",1410000,NA,NA
"NC_058198.1",1420000,NA,NA
"NC_058198.1",1430000,NA,NA
"NC_058198.1",1440000,NA,NA
"NC_058198.1",1450000,NA,NA
"NC_058198.1",1460000,NA,NA
"NC_058198.1",1470000,NA,NA
"NC_058198.1",1480000,NA,NA
"NC_058198.1",1490000,NA,NA
"NC_058198.1",1500000,NA,NA
"NC_058198.1",1510000,NA,NA
"NC_058198.1",1520000,NA,NA
"NC_058198.1",1530000,NA,NA
"NC_058198.1",1540000,NA,NA
"NC_058198.1",1550000,NA,NA
"NC_058198.1",1560000,NA,NA
"NC_058198.1",1570000,NA,NA
"NC_058198.1",1580000,NA,NA
"NC_058198.1",1590000,NA,NA
"NC_058198.1",1600000,NA,NA
"NC_058198.1",1610000,NA,NA
"NC_058198.1",1620000,NA,NA
"NC_058198.1",1630000,NA,NA
"NC_058198.1",1640000,NA,NA
"NC_058198.1",1650000,NA,NA
"NC_058198.1",1660000,NA,NA
"NC_058198.1",1670000,NA,NA
"NC_058198.1",1680000,NA,NA
"NC_058198.1",1690000,NA,NA
"NC_058198.1",1700000,NA,NA
"NC_058198.1",1710000,NA,NA
"NC_058198.1",1720000,NA,NA
"NC_058198.1",1730000,NA,NA
"NC_058198.1",1740000,NA,NA
"NC_058198.1",1750000,NA,NA
"NC_058198.1",1760000,NA,NA
"NC_058198.1",1770000,NA,NA
"NC_058198.1",1780000,NA,NA
"NC_058198.1",1790000,NA,NA
"NC_058198.1",1800000,NA,NA
"NC_058198.1",1810000,NA,NA
"NC_058198.1",1820000,NA,NA
"NC_058198.1",1830000,NA,NA
"NC_058198.1",1840000,NA,NA
"NC_058198.1",1850000,NA,NA
"NC_058198.1",1860000,NA,NA
"NC_058198.1",1870000,NA,NA
"NC_058198.1",1880000,NA,NA
"NC_058198.1",1890000,NA,NA
"NC_058198.1",1900000,NA,NA
"NC_058198.1",1910000,NA,NA
"NC_058198.1",1920000,NA,NA
"NC_058198.1",1930000,NA,NA
"NC_058198.1",1940000,NA,NA
"NC_058198.1",1950000,NA,NA
"NC_058198.1",1960000,NA,NA
"NC_058198.1",1970000,NA,NA
"NC_058198.1",1980000,NA,NA
"NC_058198.1",1990000,NA,NA
"NC_058198.1",2000000,NA,NA
"NC_058198.1",2010000,NA,NA
"NC_058198.1",2020000,NA,NA
"NC_058198.1",2030000,NA,NA
"NC_058198.1",2040000,NA,NA
"NC_058198.1",2050000,NA,NA
"NC_058198.1",2060000,NA,NA
"NC_058198.1",2070000,NA,NA
"NC_058198.1",2080000,NA,NA
"NC_058198.1",2090000,NA,NA
"NC_058198.1",2100000,NA,NA
"NC_058198.1",2110000,NA,NA
"NC_058198.1",2120000,NA,NA
"NC_058198.1",2130000,NA,NA
"NC_058198.1",2140000,NA,NA
"NC_058198.1",2150000,NA,NA
"NC_058198.1",2160000,NA,NA
"NC_058198.1",2170000,NA,NA
"NC_058198.1",2180000,NA,NA
"NC_058198.1",2190000,NA,NA
"NC_058198.1",2200000,NA,NA
"NC_058198.1",2210000,NA,NA
"NC_058198.1",2220000,NA,NA
"NC_058198.1",2230000,NA,NA
"NC_058198.1",2240000,NA,NA
"NC_058198.1",2250000,NA,NA
"NC_058198.1",2260000,NA,NA
"NC_058198.1",2270000,NA,NA
"NC_058198.1",2280000,NA,NA
"NC_058198.1",2290000,NA,NA
"NC_058198.1",2300000,NA,NA
"NC_058198.1",2310000,NA,NA
"NC_058198.1",2320000,NA,NA
"NC_058198.1",2330000,NA,NA
"NC_058198.1",2340000,NA,NA
"NC_058198.1",2350000,NA,NA
"NC_058198.1",2360000,NA,NA
"NC_058198.1",2370000,NA,NA
"NC_058198.1",2380000,NA,NA
"NC_058198.1",2390000,NA,NA
"NC_058198.1",2400000,NA,NA
"NC_058198.1",2410000,NA,NA
"NC_058198.1",2420000,NA,NA
"NC_058198.1",2430000,NA,NA
"NC_058198.1",2440000,NA,NA
"NC_058198.1",2450000,NA,NA
"NC_058198.1",2460000,NA,NA
"NC_058198.1",2470000,NA,NA
"NC_058198.1",2480000,NA,NA
"NC_058198.1",2490000,NA,NA
"NC_058198.1",2500000,NA,NA
"NC_058198.1",2510000,NA,NA
"NC_058198.1",2520000,NA,NA
"NC_058198.1",2530000,NA,NA
"NC_058198.1",2540000,NA,NA
"NC_058198.1",2550000,NA,NA
"NC_058198.1",2560000,NA,NA
"NC_058198.1",2570000,NA,NA
"NC_058198.1",2580000,NA,NA
"NC_058198.1",2590000,NA,NA
"NC_058198.1",2600000,NA,NA
"NC_058198.1",2610000,NA,NA
"NC_058198.1",2620000,NA,NA
"NC_058198.1",2630000,NA,NA
"NC_058198.1",2640000,NA,NA
"NC_058198.1",2650000,NA,NA
"NC_058198.1",2660000,NA,NA
"NC_058198.1",2670000,NA,NA
"NC_058198.1",2680000,NA,NA
"NC_058198.1",2690000,NA,NA
"NC_058198.1",2700000,NA,NA
"NC_058198.1",2710000,NA,NA
"NC_058198.1",2720000,NA,NA
"NC_058198.1",2730000,NA,NA
"NC_058198.1",2740000,NA,NA
"NC_058198.1",2750000,NA,NA
"NC_058198.1",2760000,NA,NA
"NC_058198.1",2770000,NA,NA
"NC_058198.1",2780000,NA,NA
"NC_058198.1",2790000,NA,NA
"NC_058198.1",2800000,NA,NA
"NC_058198.1",2810000,NA,NA
"NC_058198.1",2820000,NA,NA
"NC_058198.1",2830000,NA,NA
"NC_058198.1",2840000,NA,NA
"NC_058198.1",2850000,NA,NA
"NC_058198.1",2860000,NA,NA
"NC_058198.1",2870000,NA,NA
"NC_058198.1",2880000,NA,NA
"NC_058198.1",2890000,NA,NA
"NC_058198.1",2900000,NA,NA
"NC_058198.1",2910000,NA,NA
"NC_058198.1",2920000,NA,NA
"NC_058198.1",2930000,NA,NA
"NC_058198.1",2940000,NA,NA
"NC_058198.1",2950000,NA,NA
"NC_058198.1",2960000,NA,NA
"NC_058198.1",2970000,NA,NA
"NC_058198.1",2980000,NA,NA
"NC_058198.1",2990000,NA,NA
"NC_058198.1",3000000,NA,NA
"NC_058198.1",3010000,NA,NA
"NC_058198.1",3020000,NA,NA
"NC_058198.1",3030000,NA,NA
"NC_058198.1",3040000,NA,NA
"NC_058198.1",3050000,NA,NA
"NC_058198.1",3060000,NA,NA
"NC_058198.1",3070000,NA,NA
"NC_058198.1",3080000,NA,NA
"NC_058198.1",3090000,NA,NA
"NC_058198.1",3100000,NA,NA
"NC_058198.1",3110000,NA,NA
"NC_058198.1",3120000,NA,NA
"NC_058198.1",3130000,NA,NA
"NC_058198.1",3140000,NA,NA
"NC_058198.1",3150000,NA,NA
"NC_058198.1",3160000,NA,NA
"NC_058198.1",3170000,NA,NA
"NC_058198.1",3180000,NA,NA
"NC_058198.1",3190000,NA,NA
"NC_058198.1",3200000,NA,NA
"NC_058198.1",3210000,NA,NA
"NC_058198.1",3220000,NA,NA
"NC_058198.1",3230000,NA,NA
"NC_058198.1",3240000,NA,NA
"NC_058198.1",3250000,NA,NA
"NC_058198.1",3260000,NA,NA
"NC_058198.1",3270000,NA,NA
"NC_058198.1",3280000,NA,NA
"NC_058198.1",3290000,NA,NA
"NC_058198.1",3300000,NA,NA
"NC_058198.1",3310000,NA,NA
"NC_058198.1",3320000,NA,NA
"NC_058198.1",3330000,NA,NA
"NC_058198.1",3340000,NA,NA
"NC_058198.1",3350000,NA,NA
"NC_058198.1",3360000,NA,NA
"NC_058198.1",3370000,NA,NA
"NC_058198.1",3380000,NA,NA
"NC_058198.1",3390000,NA,NA
"NC_058198.1",3400000,NA,NA
"NC_058198.1",3410000,NA,NA
"NC_058198.1",3420000,NA,NA
"NC_058198.1",3430000,NA,NA
"NC_058198.1",3440000,NA,NA
"NC_058198.1",3450000,NA,NA
"NC_058198.1",3460000,NA,NA
"NC_058198.1",3470000,NA,NA
"NC_058198.1",3480000,NA,NA
"NC_058198.1",3490000,NA,NA
"NC_058198.1",3500000,NA,NA
"NC_058198.1",3510000,NA,NA
"NC_058198.1",3520000,NA,NA
"NC_058198.1",3530000,NA,NA
"NC_058198.1",3540000,NA,NA
"NC_058198.1",3550000,NA,NA
"NC_058198.1",3560000,NA,NA
"NC_058198.1",3570000,NA,NA
"NC_058198.1",3580000,NA,NA
"NC_058198.1",3590000,-1.03233,NA
"NC_058198.1",3590001,NA,2.11602e-06
"NC_058198.1",3600000,NA,NA
"NC_058198.1",3610000,NA,NA
"NC_058198.1",3620000,NA,NA
"NC_058198.1",3630000,NA,NA
"NC_058198.1",3640000,NA,NA
"NC_058198.1",3650000,NA,NA
"NC_058198.1",3660000,NA,NA
"NC_058198.1",3670000,NA,NA
"NC_058198.1",3680000,NA,NA
"NC_058198.1",3690000,NA,NA
"NC_058198.1",3700000,NA,NA
"NC_058198.1",3710000,NA,NA
"NC_058198.1",3720000,NA,NA
"NC_058198.1",3730000,NA,NA
"NC_058198.1",3740000,NA,NA
"NC_058198.1",3750000,NA,NA
"NC_058198.1",3760000,NA,NA
"NC_058198.1",3770000,NA,NA
"NC_058198.1",3780000,NA,NA
"NC_058198.1",3790000,NA,NA
"NC_058198.1",3800000,NA,NA
"NC_058198.1",3810000,NA,NA
"NC_058198.1",3820000,NA,NA
"NC_058198.1",3830000,NA,NA
"NC_058198.1",3840000,NA,NA
"NC_058198.1",3850000,NA,NA
"NC_058198.1",3860000,NA,NA
"NC_058198.1",3870000,NA,NA
"NC_058198.1",3880000,NA,NA
"NC_058198.1",3890000,NA,NA
"NC_058198.1",3900000,NA,NA
"NC_058198.1",3910000,NA,NA
"NC_058198.1",3920000,NA,NA
"NC_058198.1",3930000,NA,NA
"NC_058198.1",3940000,NA,NA
"NC_058198.1",3950000,NA,NA
"NC_058198.1",3960000,NA,NA
"NC_058198.1",3970000,NA,NA
"NC_058198.1",3980000,NA,NA
"NC_058198.1",3990000,NA,NA
"NC_058198.1",4000000,NA,NA
"NC_058198.1",4010000,NA,NA
"NC_058198.1",4020000,NA,NA
"NC_058198.1",4030000,NA,NA
"NC_058198.1",4040000,NA,NA
"NC_058198.1",4050000,NA,NA
"NC_058198.1",4060000,NA,NA
"NC_058198.1",4070000,NA,NA
"NC_058198.1",4080000,NA,NA
"NC_058198.1",4090000,NA,NA
"NC_058198.1",4100000,NA,NA
"NC_058198.1",4110000,NA,NA
"NC_058198.1",4120000,NA,NA
"NC_058198.1",4130000,NA,NA
"NC_058198.1",4140000,NA,NA
"NC_058198.1",4150000,NA,NA
"NC_058198.1",4160000,NA,NA
"NC_058198.1",4170000,NA,NA
"NC_058198.1",4180000,NA,NA
"NC_058198.1",4190000,NA,NA
"NC_058198.1",4200000,NA,NA
"NC_058198.1",4210000,NA,NA
"NC_058198.1",4220000,NA,NA
"NC_058198.1",4230000,NA,NA
"NC_058198.1",4240000,NA,NA
"NC_058198.1",4250000,NA,NA
"NC_058198.1",4260000,NA,NA
"NC_058198.1",4270000,NA,NA
"NC_058198.1",4280000,NA,NA
"NC_058198.1",4290000,NA,NA
"NC_058198.1",4300000,NA,NA
"NC_058198.1",4310000,NA,NA
"NC_058198.1",4320000,NA,NA
"NC_058198.1",4330000,NA,NA
"NC_058198.1",4340000,NA,NA
"NC_058198.1",4350000,NA,NA
"NC_058198.1",4360000,NA,NA
"NC_058198.1",4370000,NA,NA
"NC_058198.1",4380000,NA,NA
"NC_058198.1",4390000,NA,NA
"NC_058198.1",4400000,NA,NA
"NC_058198.1",4410000,NA,NA
"NC_058198.1",4420000,NA,NA
"NC_058198.1",4430000,NA,NA
"NC_058198.1",4440000,NA,NA
"NC_058198.1",4450000,NA,NA
"NC_058198.1",4460000,NA,NA
"NC_058198.1",4470000,NA,NA
"NC_058198.1",4480000,NA,NA
"NC_058198.1",4490000,NA,NA
"NC_058198.1",4500000,NA,NA
"NC_058198.1",4510000,NA,NA
"NC_058198.1",4520000,NA,NA
"NC_058198.1",4530000,NA,NA
"NC_058198.1",4540000,NA,NA
"NC_058198.1",4550000,NA,NA
"NC_058198.1",4560000,NA,NA
"NC_058198.1",4570000,NA,NA
"NC_058198.1",4580000,NA,NA
"NC_058198.1",4590000,NA,NA
"NC_058198.1",4600000,NA,NA
"NC_058198.1",4610000,NA,NA
"NC_058198.1",4620000,NA,NA
"NC_058198.1",4630000,NA,NA
"NC_058198.1",4640000,NA,NA
"NC_058198.1",4650000,NA,NA
"NC_058198.1",4660000,NA,NA
"NC_058198.1",4670000,NA,NA
"NC_058198.1",4680000,NA,NA
"NC_058198.1",4690000,NA,NA
"NC_058198.1",4700000,NA,NA
"NC_058198.1",4710000,NA,NA
"NC_058198.1",4720000,NA,NA
"NC_058198.1",4730000,NA,NA
"NC_058198.1",4740000,NA,NA
"NC_058198.1",4750000,NA,NA
"NC_058198.1",4760000,NA,NA
"NC_058198.1",4770000,NA,NA
"NC_058198.1",4780000,NA,NA
"NC_058198.1",4790000,NA,NA
"NC_058198.1",4800000,NA,NA
"NC_058198.1",4810000,NA,NA
"NC_058198.1",4820000,NA,NA
"NC_058198.1",4830000,NA,NA
"NC_058198.1",4840000,NA,NA
"NC_058198.1",4850000,NA,NA
"NC_058198.1",4860000,NA,NA
"NC_058198.1",4870000,NA,NA
"NC_058198.1",4880000,NA,NA
"NC_058198.1",4890000,NA,NA
"NC_058198.1",4900000,NA,NA
"NC_058198.1",4910000,NA,NA
"NC_058198.1",4920000,NA,NA
"NC_058198.1",4930000,NA,NA
"NC_058198.1",4940000,NA,NA
"NC_058198.1",4950000,NA,NA
"NC_058198.1",4960000,NA,NA
"NC_058198.1",4970000,NA,NA
"NC_058198.1",4980000,NA,NA
"NC_058198.1",4990000,NA,NA
"NC_058198.1",5000000,NA,NA
"NC_058198.1",5010000,NA,NA
"NC_058198.1",5020000,NA,NA
"NC_058198.1",5030000,NA,NA
"NC_058198.1",5040000,NA,NA
"NC_058198.1",5050000,NA,NA
"NC_058198.1",5060000,NA,NA
"NC_058198.1",5070000,NA,NA
"NC_058198.1",5080000,NA,NA
"NC_058198.1",5090000,NA,NA
"NC_058198.1",5100000,NA,NA
"NC_058198.1",5110000,NA,NA
"NC_058198.1",5120000,NA,NA
"NC_058198.1",5130000,NA,NA
"NC_058198.1",5140000,NA,NA
"NC_058198.1",5150000,NA,NA
"NC_058198.1",5160000,NA,NA
"NC_058198.1",5170000,NA,NA
"NC_058198.1",5180000,NA,NA
"NC_058198.1",5190000,NA,NA
"NC_058198.1",5200000,NA,NA
"NC_058198.1",5210000,NA,NA
"NC_058198.1",5220000,NA,NA
"NC_058198.1",5230000,NA,NA
"NC_058198.1",5240000,NA,NA
"NC_058198.1",5250000,NA,NA
"NC_058198.1",5260000,NA,NA
"NC_058198.1",5270000,NA,NA
"NC_058198.1",5280000,NA,NA
"NC_058198.1",5290000,NA,NA
"NC_058198.1",5300000,NA,NA
"NC_058198.1",5310000,NA,NA
"NC_058198.1",5320000,NA,NA
"NC_058198.1",5330000,NA,NA
"NC_058198.1",5340000,NA,NA
"NC_058198.1",5350000,NA,NA
"NC_058198.1",5360000,NA,NA
"NC_058198.1",5370000,NA,NA
"NC_058198.1",5380000,NA,NA
"NC_058198.1",5390000,NA,NA
"NC_058198.1",5400000,NA,NA
"NC_058198.1",5410000,NA,NA
"NC_058198.1",5420000,NA,NA
"NC_058198.1",5430000,NA,NA
"NC_058198.1",5440000,NA,NA
"NC_058198.1",5450000,NA,NA
"NC_058198.1",5460000,NA,NA
"NC_058198.1",5470000,NA,NA
"NC_058198.1",5480000,NA,NA
"NC_058198.1",5490000,NA,NA
"NC_058198.1",5500000,NA,NA
"NC_058198.1",5510000,NA,NA
"NC_058198.1",5520000,NA,NA
"NC_058198.1",5530000,NA,NA
"NC_058198.1",5540000,NA,NA
"NC_058198.1",5550000,NA,NA
"NC_058198.1",5560000,NA,NA
"NC_058198.1",5570000,NA,NA
"NC_058198.1",5580000,NA,NA
"NC_058198.1",5590000,NA,NA
"NC_058198.1",5600000,NA,NA
"NC_058198.1",5610000,NA,NA
"NC_058198.1",5620000,NA,NA
"NC_058198.1",5630000,NA,NA
"NC_058198.1",5640000,NA,NA
"NC_058198.1",5650000,NA,NA
"NC_058198.1",5660000,NA,NA
"NC_058198.1",5670000,NA,NA
"NC_058198.1",5680000,NA,NA
"NC_058198.1",5690000,NA,NA
"NC_058198.1",5700000,NA,NA
"NC_058198.1",5710000,NA,NA
"NC_058198.1",5720000,NA,NA
"NC_058198.1",5730000,NA,NA
"NC_058198.1",5740000,NA,NA
"NC_058198.1",5750000,NA,NA
"NC_058198.1",5760000,NA,NA
"NC_058198.1",5770000,NA,NA
"NC_058198.1",5780000,NA,NA
"NC_058198.1",5790000,NA,NA
"NC_058198.1",5800000,NA,NA
"NC_058198.1",5810000,NA,NA
"NC_058198.1",5820000,NA,NA
"NC_058198.1",5830000,NA,NA
"NC_058198.1",5840000,NA,NA
"NC_058198.1",5850000,NA,NA
"NC_058198.1",5860000,-0.564777,NA
"NC_058198.1",5860001,NA,3.06972e-05
"NC_058198.1",5870000,NA,NA
"NC_058198.1",5880000,NA,NA
"NC_058198.1",5890000,NA,NA
"NC_058198.1",5900000,NA,NA
"NC_058198.1",5910000,NA,NA
"NC_058198.1",5920000,NA,NA
"NC_058198.1",5930000,NA,NA
"NC_058198.1",5940000,NA,NA
"NC_058198.1",5950000,NA,NA
"NC_058198.1",5960000,NA,NA
"NC_058198.1",5970000,NA,NA
"NC_058198.1",5980000,NA,NA
"NC_058198.1",5990000,NA,NA
"NC_058198.1",6000000,NA,NA
"NC_058198.1",6010000,NA,NA
"NC_058198.1",6020000,NA,NA
"NC_058198.1",6030000,NA,NA
"NC_058198.1",6040000,NA,NA
"NC_058198.1",6050000,NA,NA
"NC_058198.1",6060000,NA,NA
"NC_058198.1",6070000,NA,NA
"NC_058198.1",6080000,NA,NA
"NC_058198.1",6090000,NA,NA
"NC_058198.1",6100000,NA,NA
"NC_058198.1",6110000,-1.30078,NA
"NC_058198.1",6110001,NA,1.382e-05
"NC_058198.1",6120000,NA,NA
"NC_058198.1",6130000,NA,NA
"NC_058198.1",6140000,NA,NA
"NC_058198.1",6150000,NA,NA
"NC_058198.1",6160000,NA,NA
"NC_058198.1",6170000,NA,NA
"NC_058198.1",6180000,NA,NA
"NC_058198.1",6190000,NA,NA
"NC_058198.1",6200000,NA,NA
"NC_058198.1",6210000,NA,NA
"NC_058198.1",6220000,NA,NA
"NC_058198.1",6230000,NA,NA
"NC_058198.1",6240000,NA,NA
"NC_058198.1",6250000,NA,NA
"NC_058198.1",6260000,NA,NA
"NC_058198.1",6270000,NA,NA
"NC_058198.1",6280000,NA,NA
"NC_058198.1",6290000,NA,NA
"NC_058198.1",6300000,NA,NA
"NC_058198.1",6310000,NA,NA
"NC_058198.1",6320000,NA,NA
"NC_058198.1",6330000,NA,NA
"NC_058198.1",6340000,NA,NA
"NC_058198.1",6350000,NA,NA
"NC_058198.1",6360000,NA,NA
"NC_058198.1",6370000,NA,NA
"NC_058198.1",6380000,NA,NA
"NC_058198.1",6390000,NA,NA
"NC_058198.1",6400000,NA,NA
"NC_058198.1",6410000,NA,NA
"NC_058198.1",6420000,NA,NA
"NC_058198.1",6430000,NA,NA
"NC_058198.1",6440000,NA,NA
"NC_058198.1",6450000,NA,NA
"NC_058198.1",6460000,NA,NA
"NC_058198.1",6470000,NA,NA
"NC_058198.1",6480000,NA,NA
"NC_058198.1",6490000,NA,NA
"NC_058198.1",6500000,NA,NA
"NC_058198.1",6510000,NA,NA
"NC_058198.1",6520000,NA,NA
"NC_058198.1",6530000,NA,NA
"NC_058198.1",6540000,NA,NA
"NC_058198.1",6550000,NA,NA
"NC_058198.1",6560000,NA,NA
"NC_058198.1",6570000,NA,NA
"NC_058198.1",6580000,NA,NA
"NC_058198.1",6590000,NA,NA
"NC_058198.1",6600000,NA,NA
"NC_058198.1",6610000,NA,NA
"NC_058198.1",6620000,NA,NA
"NC_058198.1",6630000,NA,NA
"NC_058198.1",6640000,NA,NA
"NC_058198.1",6650000,NA,NA
"NC_058198.1",6660000,NA,NA
"NC_058198.1",6670000,NA,NA
"NC_058198.1",6680000,NA,NA
"NC_058198.1",6690000,NA,NA
"NC_058198.1",6700000,NA,NA
"NC_058198.1",6710000,NA,NA
"NC_058198.1",6720000,NA,NA
"NC_058198.1",6730000,NA,NA
"NC_058198.1",6740000,NA,NA
"NC_058198.1",6750000,NA,NA
"NC_058198.1",6760000,NA,NA
"NC_058198.1",6770000,NA,NA
"NC_058198.1",6780000,NA,NA
"NC_058198.1",6790000,NA,NA
"NC_058198.1",6800000,NA,NA
"NC_058198.1",6810000,NA,NA
"NC_058198.1",6820000,NA,NA
"NC_058198.1",6830000,NA,NA
"NC_058198.1",6840000,NA,NA
"NC_058198.1",6850000,NA,NA
"NC_058198.1",6860000,NA,NA
"NC_058198.1",6870000,NA,NA
"NC_058198.1",6880000,NA,NA
"NC_058198.1",6890000,NA,NA
"NC_058198.1",6900000,NA,NA
"NC_058198.1",6910000,NA,NA
"NC_058198.1",6920000,NA,NA
"NC_058198.1",6930000,NA,NA
"NC_058198.1",6940000,NA,NA
"NC_058198.1",6950000,NA,NA
"NC_058198.1",6960000,NA,NA
"NC_058198.1",6970000,NA,NA
"NC_058198.1",6980000,NA,NA
"NC_058198.1",6990000,NA,NA
"NC_058198.1",7000000,NA,NA
"NC_058198.1",7010000,NA,NA
"NC_058198.1",7020000,NA,NA
"NC_058198.1",7030000,NA,NA
"NC_058198.1",7040000,NA,NA
"NC_058198.1",7050000,NA,NA
"NC_058198.1",7060000,NA,NA
"NC_058198.1",7070000,NA,NA
"NC_058198.1",7080000,NA,NA
"NC_058198.1",7090000,NA,NA
"NC_058198.1",7100000,NA,NA
"NC_058198.1",7110000,NA,NA
"NC_058198.1",7120000,NA,NA
"NC_058198.1",7130000,NA,NA
"NC_058198.1",7140000,NA,NA
"NC_058198.1",7150000,NA,NA
"NC_058198.1",7160000,NA,NA
"NC_058198.1",7170000,NA,NA
"NC_058198.1",7180000,NA,NA
"NC_058198.1",7190000,NA,NA
"NC_058198.1",7200000,NA,NA
"NC_058198.1",7210000,NA,NA
"NC_058198.1",7220000,NA,NA
"NC_058198.1",7230000,NA,NA
"NC_058198.1",7240000,NA,NA
"NC_058198.1",7250000,NA,NA
"NC_058198.1",7260000,NA,NA
"NC_058198.1",7270000,NA,NA
"NC_058198.1",7280000,NA,NA
"NC_058198.1",7290000,NA,NA
"NC_058198.1",7300000,NA,NA
"NC_058198.1",7310000,NA,NA
"NC_058198.1",7320000,NA,NA
"NC_058198.1",7330000,NA,NA
"NC_058198.1",7340000,NA,NA
"NC_058198.1",7350000,NA,NA
"NC_058198.1",7360000,NA,NA
"NC_058198.1",7370000,NA,NA
"NC_058198.1",7380000,NA,NA
"NC_058198.1",7390000,NA,NA
"NC_058198.1",7400000,NA,NA
"NC_058198.1",7410000,NA,NA
"NC_058198.1",7420000,NA,NA
"NC_058198.1",7430000,NA,NA
"NC_058198.1",7440000,NA,NA
"NC_058198.1",7450000,NA,NA
"NC_058198.1",7460000,NA,NA
"NC_058198.1",7470000,NA,NA
"NC_058198.1",7480000,NA,NA
"NC_058198.1",7490000,NA,NA
"NC_058198.1",7500000,NA,NA
"NC_058198.1",7510000,NA,NA
"NC_058198.1",7520000,NA,NA
"NC_058198.1",7530000,NA,NA
"NC_058198.1",7540000,NA,NA
"NC_058198.1",7550000,NA,NA
"NC_058198.1",7560000,NA,NA
"NC_058198.1",7570000,NA,NA
"NC_058198.1",7580000,NA,NA
"NC_058198.1",7590000,NA,NA
"NC_058198.1",7600000,NA,NA
"NC_058198.1",7610000,NA,NA
"NC_058198.1",7620000,NA,NA
"NC_058198.1",7630000,NA,NA
"NC_058198.1",7640000,NA,NA
"NC_058198.1",7650000,NA,NA
"NC_058198.1",7660000,NA,NA
"NC_058198.1",7670000,NA,NA
"NC_058198.1",7680000,NA,NA
"NC_058198.1",7690000,NA,NA
"NC_058198.1",7700000,NA,NA
"NC_058198.1",7710000,NA,NA
"NC_058198.1",7720000,NA,NA
"NC_058198.1",7730000,NA,NA
"NC_058198.1",7740000,NA,NA
"NC_058198.1",7750000,NA,NA
"NC_058198.1",7760000,NA,NA
"NC_058198.1",7770000,NA,NA
"NC_058198.1",7780000,NA,NA
"NC_058198.1",7790000,NA,NA
"NC_058198.1",7800000,NA,NA
"NC_058198.1",7810000,NA,NA
"NC_058198.1",7820000,NA,NA
"NC_058198.1",7830000,NA,NA
"NC_058198.1",7840000,NA,NA
"NC_058198.1",7850000,NA,NA
"NC_058198.1",7860000,NA,NA
"NC_058198.1",7870000,NA,NA
"NC_058198.1",7880000,NA,NA
"NC_058198.1",7890000,NA,NA
"NC_058198.1",7900000,NA,NA
"NC_058198.1",7910000,NA,NA
"NC_058198.1",7920000,NA,NA
"NC_058198.1",7930000,NA,NA
"NC_058198.1",7940000,NA,NA
"NC_058198.1",7950000,NA,NA
"NC_058198.1",7960000,NA,NA
"NC_058198.1",7970000,NA,NA
"NC_058198.1",7980000,NA,NA
"NC_058198.1",7990000,NA,NA
"NC_058198.1",8000000,NA,NA
"NC_058198.1",8010000,NA,NA
"NC_058198.1",8020000,NA,NA
"NC_058198.1",8030000,NA,NA
"NC_058198.1",8040000,NA,NA
"NC_058198.1",8050000,NA,NA
"NC_058198.1",8060000,NA,NA
"NC_058198.1",8070000,NA,NA
"NC_058198.1",8080000,NA,NA
"NC_058198.1",8090000,NA,NA
"NC_058198.1",8100000,NA,NA
"NC_058198.1",8110000,NA,NA
"NC_058198.1",8120000,NA,NA
"NC_058198.1",8130000,NA,NA
"NC_058198.1",8140000,NA,NA
"NC_058198.1",8150000,NA,NA
"NC_058198.1",8160000,NA,NA
"NC_058198.1",8170000,NA,NA
"NC_058198.1",8180000,NA,NA
"NC_058198.1",8190000,NA,NA
"NC_058198.1",8200000,NA,NA
"NC_058198.1",8210000,NA,NA
"NC_058198.1",8220000,NA,NA
"NC_058198.1",8230000,NA,NA
"NC_058198.1",8240000,NA,NA
"NC_058198.1",8250000,NA,NA
"NC_058198.1",8260000,NA,NA
"NC_058198.1",8270000,NA,NA
"NC_058198.1",8280000,NA,NA
"NC_058198.1",8290000,NA,NA
"NC_058198.1",8300000,NA,NA
"NC_058198.1",8310000,NA,NA
"NC_058198.1",8320000,NA,NA
"NC_058198.1",8330000,NA,NA
"NC_058198.1",8340000,NA,NA
"NC_058198.1",8350000,NA,NA
"NC_058198.1",8360000,NA,NA
"NC_058198.1",8370000,NA,NA
"NC_058198.1",8380000,NA,NA
"NC_058198.1",8390000,NA,NA
"NC_058198.1",8400000,NA,NA
"NC_058198.1",8410000,NA,NA
"NC_058198.1",8420000,NA,NA
"NC_058198.1",8430000,NA,NA
"NC_058198.1",8440000,NA,NA
"NC_058198.1",8450000,NA,NA
"NC_058198.1",8460000,NA,NA
"NC_058198.1",8470000,NA,NA
"NC_058198.1",8480000,NA,NA
"NC_058198.1",8490000,NA,NA
"NC_058198.1",8500000,NA,NA
"NC_058198.1",8510000,NA,NA
"NC_058198.1",8520000,NA,NA
"NC_058198.1",8530000,NA,NA
"NC_058198.1",8540000,NA,NA
"NC_058198.1",8550000,NA,NA
"NC_058198.1",8560000,NA,NA
"NC_058198.1",8570000,NA,NA
"NC_058198.1",8580000,NA,NA
"NC_058198.1",8590000,NA,NA
"NC_058198.1",8600000,NA,NA
"NC_058198.1",8610000,NA,NA
"NC_058198.1",8620000,NA,NA
"NC_058198.1",8630000,NA,NA
"NC_058198.1",8640000,NA,NA
"NC_058198.1",8650000,NA,NA
"NC_058198.1",8660000,NA,NA
"NC_058198.1",8670000,NA,NA
"NC_058198.1",8680000,NA,NA
"NC_058198.1",8690000,NA,NA
"NC_058198.1",8700000,NA,NA
"NC_058198.1",8710000,NA,NA
"NC_058198.1",8720000,NA,NA
"NC_058198.1",8730000,NA,NA
"NC_058198.1",8740000,NA,NA
"NC_058198.1",8750000,NA,NA
"NC_058198.1",8760000,NA,NA
"NC_058198.1",8770000,NA,NA
"NC_058198.1",8780000,NA,NA
"NC_058198.1",8790000,NA,NA
"NC_058198.1",8800000,NA,NA
"NC_058198.1",8810000,NA,NA
"NC_058198.1",8820000,NA,NA
"NC_058198.1",8830000,NA,NA
"NC_058198.1",8840000,NA,NA
"NC_058198.1",8850000,NA,NA
"NC_058198.1",8860000,NA,NA
"NC_058198.1",8870000,NA,NA
"NC_058198.1",8880000,NA,NA
"NC_058198.1",8890000,NA,NA
"NC_058198.1",8900000,NA,NA
"NC_058198.1",8910000,NA,NA
"NC_058198.1",8920000,NA,NA
"NC_058198.1",8930000,NA,NA
"NC_058198.1",8940000,NA,NA
"NC_058198.1",8950000,NA,NA
"NC_058198.1",8960000,NA,NA
"NC_058198.1",8970000,NA,NA
"NC_058198.1",8980000,NA,NA
"NC_058198.1",8990000,NA,NA
"NC_058198.1",9000000,NA,NA
"NC_058198.1",9010000,NA,NA
"NC_058198.1",9020000,NA,NA
"NC_058198.1",9030000,NA,NA
"NC_058198.1",9040000,NA,NA
"NC_058198.1",9050000,NA,NA
"NC_058198.1",9060000,NA,NA
"NC_058198.1",9070000,NA,NA
"NC_058198.1",9080000,NA,NA
"NC_058198.1",9090000,NA,NA
"NC_058198.1",9100000,NA,NA
"NC_058198.1",9110000,NA,NA
"NC_058198.1",9120000,NA,NA
"NC_058198.1",9130000,NA,NA
"NC_058198.1",9140000,NA,NA
"NC_058198.1",9150000,NA,NA
"NC_058198.1",9160000,NA,NA
"NC_058198.1",9170000,NA,NA
"NC_058198.1",9180000,NA,NA
"NC_058198.1",9190000,NA,NA
"NC_058198.1",9200000,NA,NA
"NC_058198.1",9210000,NA,NA
"NC_058198.1",9220000,NA,NA
"NC_058198.1",9230000,NA,NA
"NC_058198.1",9240000,NA,NA
"NC_058198.1",9250000,NA,NA
"NC_058198.1",9260000,NA,NA
"NC_058198.1",9270000,NA,NA
"NC_058198.1",9280000,NA,NA
"NC_058198.1",9290000,NA,NA
"NC_058198.1",9300000,NA,NA
"NC_058198.1",9310000,NA,NA
"NC_058198.1",9320000,NA,NA
"NC_058198.1",9330000,NA,NA
"NC_058198.1",9340000,NA,NA
"NC_058198.1",9350000,NA,NA
"NC_058198.1",9360000,NA,NA
"NC_058198.1",9370000,NA,NA
"NC_058198.1",9380000,NA,NA
"NC_058198.1",9390000,NA,NA
"NC_058198.1",9400000,NA,NA
"NC_058198.1",9410000,NA,NA
"NC_058198.1",9420000,NA,NA
"NC_058198.1",9430000,NA,NA
"NC_058198.1",9440000,NA,NA
"NC_058198.1",9450000,NA,NA
"NC_058198.1",9460000,NA,NA
"NC_058198.1",9470000,NA,NA
"NC_058198.1",9480000,NA,NA
"NC_058198.1",9490000,NA,NA
"NC_058198.1",9500000,NA,NA
"NC_058198.1",9510000,NA,NA
"NC_058198.1",9520000,NA,NA
"NC_058198.1",9530000,NA,NA
"NC_058198.1",9540000,NA,NA
"NC_058198.1",9550000,NA,NA
"NC_058198.1",9560000,NA,NA
"NC_058198.1",9570000,NA,NA
"NC_058198.1",9580000,NA,NA
"NC_058198.1",9590000,NA,NA
"NC_058198.1",9600000,NA,NA
"NC_058198.1",9610000,NA,NA
"NC_058198.1",9620000,NA,NA
"NC_058198.1",9630000,NA,NA
"NC_058198.1",9640000,NA,NA
"NC_058198.1",9650000,NA,NA
"NC_058198.1",9660000,NA,NA
"NC_058198.1",9670000,NA,NA
"NC_058198.1",9680000,NA,NA
"NC_058198.1",9690000,NA,NA
"NC_058198.1",9700000,NA,NA
"NC_058198.1",9710000,NA,NA
"NC_058198.1",9720000,NA,NA
"NC_058198.1",9730000,NA,NA
"NC_058198.1",9740000,NA,NA
"NC_058198.1",9750000,NA,NA
"NC_058198.1",9760000,NA,NA
"NC_058198.1",9770000,NA,NA
"NC_058198.1",9780000,NA,NA
"NC_058198.1",9790000,NA,NA
"NC_058198.1",9800000,NA,NA
"NC_058198.1",9810000,NA,NA
"NC_058198.1",9820000,NA,NA
"NC_058198.1",9830000,NA,NA
"NC_058198.1",9840000,NA,NA
"NC_058198.1",9850000,NA,NA
"NC_058198.1",9860000,NA,NA
"NC_058198.1",9870000,NA,NA
"NC_058198.1",9880000,NA,NA
"NC_058198.1",9890000,NA,NA
"NC_058198.1",9900000,NA,NA
"NC_058198.1",9910000,NA,NA
"NC_058198.1",9920000,NA,NA
"NC_058198.1",9930000,NA,NA
"NC_058198.1",9940000,NA,NA
"NC_058198.1",9950000,NA,NA
"NC_058198.1",9960000,NA,NA
"NC_058198.1",9970000,NA,NA
"NC_058198.1",9980000,NA,NA
"NC_058198.1",9990000,NA,NA
"NC_058198.1",10000000,NA,NA
"NC_058198.1",10010000,NA,NA
"NC_058198.1",10020000,NA,NA
"NC_058198.1",10030000,NA,NA
"NC_058198.1",10040000,NA,NA
"NC_058198.1",10050000,NA,NA
"NC_058198.1",10060000,NA,NA
"NC_058198.1",10070000,NA,NA
"NC_058198.1",10080000,NA,NA
"NC_058198.1",10090000,NA,NA
"NC_058198.1",10100000,NA,NA
"NC_058198.1",10110000,NA,NA
"NC_058198.1",10120000,NA,NA
"NC_058198.1",10130000,NA,NA
"NC_058198.1",10140000,NA,NA
"NC_058198.1",10150000,-1.33932,NA
"NC_058198.1",10150001,NA,2.48465e-05
"NC_058198.1",10160000,NA,NA
"NC_058198.1",10170000,NA,NA
"NC_058198.1",10180000,NA,NA
"NC_058198.1",10190000,NA,NA
"NC_058198.1",10200000,NA,NA
"NC_058198.1",10210000,NA,NA
"NC_058198.1",10220000,NA,NA
"NC_058198.1",10230000,NA,NA
"NC_058198.1",10240000,NA,NA
"NC_058198.1",10250000,NA,NA
"NC_058198.1",10260000,NA,NA
"NC_058198.1",10270000,NA,NA
"NC_058198.1",10280000,NA,NA
"NC_058198.1",10290000,NA,NA
"NC_058198.1",10300000,NA,NA
"NC_058198.1",10310000,NA,NA
"NC_058198.1",10320000,NA,NA
"NC_058198.1",10330000,NA,NA
"NC_058198.1",10340000,NA,NA
"NC_058198.1",10350000,NA,NA
"NC_058198.1",10360000,NA,NA
"NC_058198.1",10370000,NA,NA
"NC_058198.1",10380000,NA,NA
"NC_058198.1",10390000,NA,NA
"NC_058198.1",10400000,NA,NA
"NC_058198.1",10410000,NA,NA
"NC_058198.1",10420000,NA,NA
"NC_058198.1",10430000,NA,NA
"NC_058198.1",10440000,NA,NA
"NC_058198.1",10450000,NA,NA
"NC_058198.1",10460000,NA,NA
"NC_058198.1",10470000,NA,NA
"NC_058198.1",10480000,NA,NA
"NC_058198.1",10490000,NA,NA
"NC_058198.1",10500000,NA,NA
"NC_058198.1",10510000,NA,NA
"NC_058198.1",10520000,NA,NA
"NC_058198.1",10530000,NA,NA
"NC_058198.1",10540000,NA,NA
"NC_058198.1",10550000,NA,NA
"NC_058198.1",10560000,NA,NA
"NC_058198.1",10570000,NA,NA
"NC_058198.1",10580000,NA,NA
"NC_058198.1",10590000,NA,NA
"NC_058198.1",10600000,NA,NA
"NC_058198.1",10610000,NA,NA
"NC_058198.1",10620000,NA,NA
"NC_058198.1",10630000,NA,NA
"NC_058198.1",10640000,NA,NA
"NC_058198.1",10650000,NA,NA
"NC_058198.1",10660000,NA,NA
"NC_058198.1",10670000,NA,NA
"NC_058198.1",10680000,NA,NA
"NC_058198.1",10690000,NA,NA
"NC_058198.1",10700000,NA,NA
"NC_058198.1",10710000,NA,NA
"NC_058198.1",10720000,NA,NA
"NC_058198.1",10730000,NA,NA
"NC_058198.1",10740000,NA,NA
"NC_058198.1",10750000,NA,NA
"NC_058198.1",10760000,NA,NA
"NC_058198.1",10770000,NA,NA
"NC_058198.1",10780000,NA,NA
"NC_058198.1",10790000,NA,NA
"NC_058198.1",10800000,NA,NA
"NC_058198.1",10810000,NA,NA
"NC_058198.1",10820000,NA,NA
"NC_058198.1",10830000,NA,NA
"NC_058198.1",10840000,NA,NA
"NC_058198.1",10850000,NA,NA
"NC_058198.1",10860000,NA,NA
"NC_058198.1",10870000,NA,NA
"NC_058198.1",10880000,NA,NA
"NC_058198.1",10890000,NA,NA
"NC_058198.1",10900000,NA,NA
"NC_058198.1",10910000,NA,NA
"NC_058198.1",10920000,NA,NA
"NC_058198.1",10930000,NA,NA
"NC_058198.1",10940000,NA,NA
"NC_058198.1",10950000,NA,NA
"NC_058198.1",10960000,NA,NA
"NC_058198.1",10970000,NA,NA
"NC_058198.1",10980000,NA,NA
"NC_058198.1",10990000,NA,NA
"NC_058198.1",11000000,NA,NA
"NC_058198.1",11010000,NA,NA
"NC_058198.1",11020000,NA,NA
"NC_058198.1",11030000,NA,NA
"NC_058198.1",11040000,NA,NA
"NC_058198.1",11050000,NA,NA
"NC_058198.1",11060000,-0.8841,NA
"NC_058198.1",11060001,NA,4.07531e-06
"NC_058198.1",11070000,NA,NA
"NC_058198.1",11080000,NA,NA
"NC_058198.1",11090000,NA,NA
"NC_058198.1",11100000,NA,NA
"NC_058198.1",11110000,NA,NA
"NC_058198.1",11120000,NA,NA
"NC_058198.1",11130000,NA,NA
"NC_058198.1",11140000,NA,NA
"NC_058198.1",11150000,NA,NA
"NC_058198.1",11160000,NA,NA
"NC_058198.1",11170000,NA,NA
"NC_058198.1",11180000,NA,NA
"NC_058198.1",11190000,NA,NA
"NC_058198.1",11200000,NA,NA
"NC_058198.1",11210000,NA,NA
"NC_058198.1",11220000,NA,NA
"NC_058198.1",11230000,NA,NA
"NC_058198.1",11240000,NA,NA
"NC_058198.1",11250000,NA,NA
"NC_058198.1",11260000,NA,NA
"NC_058198.1",11270000,NA,NA
"NC_058198.1",11280000,NA,NA
"NC_058198.1",11290000,NA,NA
"NC_058198.1",11300000,NA,NA
"NC_058198.1",11310000,-0.876783,NA
"NC_058198.1",11310001,NA,3.97083e-06
"NC_058198.1",11320000,NA,NA
"NC_058198.1",11330000,NA,NA
"NC_058198.1",11340000,NA,NA
"NC_058198.1",11350000,NA,NA
"NC_058198.1",11360000,NA,NA
"NC_058198.1",11370000,NA,NA
"NC_058198.1",11380000,NA,NA
"NC_058198.1",11390000,NA,NA
"NC_058198.1",11400000,NA,NA
"NC_058198.1",11410000,NA,NA
"NC_058198.1",11420000,NA,NA
"NC_058198.1",11430000,NA,NA
"NC_058198.1",11440000,NA,NA
"NC_058198.1",11450000,NA,NA
"NC_058198.1",11460000,NA,NA
"NC_058198.1",11470000,NA,NA
"NC_058198.1",11480000,NA,NA
"NC_058198.1",11490000,NA,NA
"NC_058198.1",11500000,NA,NA
"NC_058198.1",11510000,NA,NA
"NC_058198.1",11520000,NA,NA
"NC_058198.1",11530000,NA,NA
"NC_058198.1",11540000,NA,NA
"NC_058198.1",11550000,NA,NA
"NC_058198.1",11560000,NA,NA
"NC_058198.1",11570000,NA,NA
"NC_058198.1",11580000,NA,NA
"NC_058198.1",11590000,NA,NA
"NC_058198.1",11600000,NA,NA
"NC_058198.1",11610000,NA,NA
"NC_058198.1",11620000,NA,NA
"NC_058198.1",11630000,NA,NA
"NC_058198.1",11640000,NA,NA
"NC_058198.1",11650000,NA,NA
"NC_058198.1",11660000,NA,NA
"NC_058198.1",11670000,NA,NA
"NC_058198.1",11680000,NA,NA
"NC_058198.1",11690000,NA,NA
"NC_058198.1",11700000,NA,NA
"NC_058198.1",11710000,NA,NA
"NC_058198.1",11720000,NA,NA
"NC_058198.1",11730000,NA,NA
"NC_058198.1",11740000,NA,NA
"NC_058198.1",11750000,NA,NA
"NC_058198.1",11760000,NA,NA
"NC_058198.1",11770000,NA,NA
"NC_058198.1",11780000,NA,NA
"NC_058198.1",11790000,NA,NA
"NC_058198.1",11800000,NA,NA
"NC_058198.1",11810000,NA,NA
"NC_058198.1",11820000,NA,NA
"NC_058198.1",11830000,NA,NA
"NC_058198.1",11840000,NA,NA
"NC_058198.1",11850000,NA,NA
"NC_058198.1",11860000,NA,NA
"NC_058198.1",11870000,NA,NA
"NC_058198.1",11880000,NA,NA
"NC_058198.1",11890000,NA,NA
"NC_058198.1",11900000,NA,NA
"NC_058198.1",11910000,NA,NA
"NC_058198.1",11920000,NA,NA
"NC_058198.1",11930000,NA,NA
"NC_058198.1",11940000,NA,NA
"NC_058198.1",11950000,NA,NA
"NC_058198.1",11960000,NA,NA
"NC_058198.1",11970000,NA,NA
"NC_058198.1",11980000,NA,NA
"NC_058198.1",11990000,NA,NA
"NC_058198.1",12000000,NA,NA
"NC_058198.1",12010000,NA,NA
"NC_058198.1",12020000,NA,NA
"NC_058198.1",12030000,NA,NA
"NC_058198.1",12040000,NA,NA
"NC_058198.1",12050000,NA,NA
"NC_058198.1",12060000,NA,NA
"NC_058198.1",12070000,NA,NA
"NC_058198.1",12080000,NA,NA
"NC_058198.1",12090000,NA,NA
"NC_058198.1",12100000,NA,NA
"NC_058198.1",12110000,NA,NA
"NC_058198.1",12120000,NA,NA
"NC_058198.1",12130000,NA,NA
"NC_058198.1",12140000,NA,NA
"NC_058198.1",12150000,NA,NA
"NC_058198.1",12160000,NA,NA
"NC_058198.1",12170000,NA,NA
"NC_058198.1",12180000,NA,NA
"NC_058198.1",12190000,NA,NA
"NC_058198.1",12200000,NA,NA
"NC_058198.1",12210000,NA,NA
"NC_058198.1",12220000,NA,NA
"NC_058198.1",12230000,NA,NA
"NC_058198.1",12240000,NA,NA
"NC_058198.1",12250000,NA,NA
"NC_058198.1",12260000,NA,NA
"NC_058198.1",12270000,NA,NA
"NC_058198.1",12280000,-0.0950674,NA
"NC_058198.1",12280001,NA,1.50473e-05
"NC_058198.1",12290000,NA,NA
"NC_058198.1",12300000,NA,NA
"NC_058198.1",12310000,NA,NA
"NC_058198.1",12320000,NA,NA
"NC_058198.1",12330000,NA,NA
"NC_058198.1",12340000,NA,NA
"NC_058198.1",12350000,NA,NA
"NC_058198.1",12360000,NA,NA
"NC_058198.1",12370000,NA,NA
"NC_058198.1",12380000,NA,NA
"NC_058198.1",12390000,NA,NA
"NC_058198.1",12400000,NA,NA
"NC_058198.1",12410000,NA,NA
"NC_058198.1",12420000,NA,NA
"NC_058198.1",12430000,NA,NA
"NC_058198.1",12440000,NA,NA
"NC_058198.1",12450000,NA,NA
"NC_058198.1",12460000,NA,NA
"NC_058198.1",12470000,NA,NA
"NC_058198.1",12480000,NA,NA
"NC_058198.1",12490000,NA,NA
"NC_058198.1",12500000,NA,NA
"NC_058198.1",12510000,NA,NA
"NC_058198.1",12520000,NA,NA
"NC_058198.1",12530000,NA,NA
"NC_058198.1",12540000,NA,NA
"NC_058198.1",12550000,NA,NA
"NC_058198.1",12560000,NA,NA
"NC_058198.1",12570000,-0.721298,NA
"NC_058198.1",12570001,NA,5.72115e-06
"NC_058198.1",12580000,NA,NA
"NC_058198.1",12590000,NA,NA
"NC_058198.1",12600000,NA,NA
"NC_058198.1",12610000,NA,NA
"NC_058198.1",12620000,NA,NA
"NC_058198.1",12630000,NA,NA
"NC_058198.1",12640000,NA,NA
"NC_058198.1",12650000,NA,NA
"NC_058198.1",12660000,NA,NA
"NC_058198.1",12670000,NA,NA
"NC_058198.1",12680000,NA,NA
"NC_058198.1",12690000,NA,NA
"NC_058198.1",12700000,NA,NA
"NC_058198.1",12710000,NA,NA
"NC_058198.1",12720000,NA,NA
"NC_058198.1",12730000,NA,NA
"NC_058198.1",12740000,NA,NA
"NC_058198.1",12750000,NA,NA
"NC_058198.1",12760000,NA,NA
"NC_058198.1",12770000,NA,NA
"NC_058198.1",12780000,NA,NA
"NC_058198.1",12790000,NA,NA
"NC_058198.1",12800000,NA,NA
"NC_058198.1",12810000,NA,NA
"NC_058198.1",12820000,NA,NA
"NC_058198.1",12830000,NA,NA
"NC_058198.1",12840000,NA,NA
"NC_058198.1",12850000,NA,NA
"NC_058198.1",12860000,NA,NA
"NC_058198.1",12870000,NA,NA
"NC_058198.1",12880000,NA,NA
"NC_058198.1",12890000,NA,NA
"NC_058198.1",12900000,NA,NA
"NC_058198.1",12910000,NA,NA
"NC_058198.1",12920000,NA,NA
"NC_058198.1",12930000,NA,NA
"NC_058198.1",12940000,NA,NA
"NC_058198.1",12950000,NA,NA
"NC_058198.1",12960000,NA,NA
"NC_058198.1",12970000,NA,NA
"NC_058198.1",12980000,NA,NA
"NC_058198.1",12990000,NA,NA
"NC_058198.1",13000000,NA,NA
"NC_058198.1",13010000,NA,NA
"NC_058198.1",13020000,NA,NA
"NC_058198.1",13030000,NA,NA
"NC_058198.1",13040000,NA,NA
"NC_058198.1",13050000,NA,NA
"NC_058198.1",13060000,NA,NA
"NC_058198.1",13070000,NA,NA
"NC_058198.1",13080000,NA,NA
"NC_058198.1",13090000,NA,NA
"NC_058198.1",13100000,NA,NA
"NC_058198.1",13110000,NA,NA
"NC_058198.1",13120000,NA,NA
"NC_058198.1",13130000,NA,NA
"NC_058198.1",13140000,NA,NA
"NC_058198.1",13150000,NA,NA
"NC_058198.1",13160000,NA,NA
"NC_058198.1",13170000,NA,NA
"NC_058198.1",13180000,NA,NA
"NC_058198.1",13190000,NA,NA
"NC_058198.1",13200000,NA,NA
"NC_058198.1",13210000,NA,NA
"NC_058198.1",13220000,NA,NA
"NC_058198.1",13230000,NA,NA
"NC_058198.1",13240000,NA,NA
"NC_058198.1",13250000,NA,NA
"NC_058198.1",13260000,NA,NA
"NC_058198.1",13270000,NA,NA
"NC_058198.1",13280000,NA,NA
"NC_058198.1",13290000,NA,NA
"NC_058198.1",13300000,NA,NA
"NC_058198.1",13310000,NA,NA
"NC_058198.1",13320000,NA,NA
"NC_058198.1",13330000,NA,NA
"NC_058198.1",13340000,NA,NA
"NC_058198.1",13350000,NA,NA
"NC_058198.1",13360000,NA,NA
"NC_058198.1",13370000,NA,NA
"NC_058198.1",13380000,NA,NA
"NC_058198.1",13390000,NA,NA
"NC_058198.1",13400000,NA,NA
"NC_058198.1",13410000,NA,NA
"NC_058198.1",13420000,NA,NA
"NC_058198.1",13430000,NA,NA
"NC_058198.1",13440000,NA,NA
"NC_058198.1",13450000,NA,NA
"NC_058198.1",13460000,NA,NA
"NC_058198.1",13470000,NA,NA
"NC_058198.1",13480000,NA,NA
"NC_058198.1",13490000,NA,NA
"NC_058198.1",13500000,NA,NA
"NC_058198.1",13510000,NA,NA
"NC_058198.1",13520000,NA,NA
"NC_058198.1",13530000,NA,NA
"NC_058198.1",13540000,NA,NA
"NC_058198.1",13550000,NA,NA
"NC_058198.1",13560000,NA,NA
"NC_058198.1",13570000,NA,NA
"NC_058198.1",13580000,NA,NA
"NC_058198.1",13590000,NA,NA
"NC_058198.1",13600000,NA,NA
"NC_058198.1",13610000,NA,NA
"NC_058198.1",13620000,NA,NA
"NC_058198.1",13630000,NA,NA
"NC_058198.1",13640000,NA,NA
"NC_058198.1",13650000,NA,NA
"NC_058198.1",13660000,NA,NA
"NC_058198.1",13670000,NA,NA
"NC_058198.1",13680000,NA,NA
"NC_058198.1",13690000,NA,NA
"NC_058198.1",13700000,NA,NA
"NC_058198.1",13710000,NA,NA
"NC_058198.1",13720000,NA,NA
"NC_058198.1",13730000,NA,NA
"NC_058198.1",13740000,NA,NA
"NC_058198.1",13750000,NA,NA
"NC_058198.1",13760000,NA,NA
"NC_058198.1",13770000,NA,NA
"NC_058198.1",13780000,NA,NA
"NC_058198.1",13790000,NA,NA
"NC_058198.1",13800000,NA,NA
"NC_058198.1",13810000,NA,NA
"NC_058198.1",13820000,NA,NA
"NC_058198.1",13830000,NA,NA
"NC_058198.1",13840000,NA,NA
"NC_058198.1",13850000,NA,NA
"NC_058198.1",13860000,NA,NA
"NC_058198.1",13870000,NA,NA
"NC_058198.1",13880000,NA,NA
"NC_058198.1",13890000,NA,NA
"NC_058198.1",13900000,NA,NA
"NC_058198.1",13910000,NA,NA
"NC_058198.1",13920000,NA,NA
"NC_058198.1",13930000,NA,NA
"NC_058198.1",13940000,NA,NA
"NC_058198.1",13950000,NA,NA
"NC_058198.1",13960000,NA,NA
"NC_058198.1",13970000,NA,NA
"NC_058198.1",13980000,NA,NA
"NC_058198.1",13990000,NA,NA
"NC_058198.1",14000000,NA,NA
"NC_058198.1",14010000,NA,NA
"NC_058198.1",14020000,NA,NA
"NC_058198.1",14030000,NA,NA
"NC_058198.1",14040000,NA,NA
"NC_058198.1",14050000,NA,NA
"NC_058198.1",14060000,NA,NA
"NC_058198.1",14070000,NA,NA
"NC_058198.1",14080000,NA,NA
"NC_058198.1",14090000,NA,NA
"NC_058198.1",14100000,NA,NA
"NC_058198.1",14110000,NA,NA
"NC_058198.1",14120000,NA,NA
"NC_058198.1",14130000,NA,NA
"NC_058198.1",14140000,NA,NA
"NC_058198.1",14150000,NA,NA
"NC_058198.1",14160000,NA,NA
"NC_058198.1",14170000,NA,NA
"NC_058198.1",14180000,NA,NA
"NC_058198.1",14190000,NA,NA
"NC_058198.1",14200000,NA,NA
"NC_058198.1",14210000,NA,NA
"NC_058198.1",14220000,NA,NA
"NC_058198.1",14230000,NA,NA
"NC_058198.1",14240000,NA,NA
"NC_058198.1",14250000,NA,NA
"NC_058198.1",14260000,NA,NA
"NC_058198.1",14270000,NA,NA
"NC_058198.1",14280000,NA,NA
"NC_058198.1",14290000,NA,NA
"NC_058198.1",14300000,NA,NA
"NC_058198.1",14310000,NA,NA
"NC_058198.1",14320000,NA,NA
"NC_058198.1",14330000,NA,NA
"NC_058198.1",14340000,NA,NA
"NC_058198.1",14350000,-1.3763,NA
"NC_058198.1",14350001,NA,2.94959e-05
"NC_058198.1",14360000,NA,NA
"NC_058198.1",14370000,NA,NA
"NC_058198.1",14380000,NA,NA
"NC_058198.1",14390000,NA,NA
"NC_058198.1",14400000,NA,NA
"NC_058198.1",14410000,NA,NA
"NC_058198.1",14420000,NA,NA
"NC_058198.1",14430000,NA,NA
"NC_058198.1",14440000,NA,NA
"NC_058198.1",14450000,NA,NA
"NC_058198.1",14460000,NA,NA
"NC_058198.1",14470000,NA,NA
"NC_058198.1",14480000,NA,NA
"NC_058198.1",14490000,NA,NA
"NC_058198.1",14500000,NA,NA
"NC_058198.1",14510000,NA,NA
"NC_058198.1",14520000,NA,NA
"NC_058198.1",14530000,NA,NA
"NC_058198.1",14540000,NA,NA
"NC_058198.1",14550000,NA,NA
"NC_058198.1",14560000,NA,NA
"NC_058198.1",14570000,NA,NA
"NC_058198.1",14580000,NA,NA
"NC_058198.1",14590000,NA,NA
"NC_058198.1",14600000,NA,NA
"NC_058198.1",14610000,NA,NA
"NC_058198.1",14620000,NA,NA
"NC_058198.1",14630000,NA,NA
"NC_058198.1",14640000,NA,NA
"NC_058198.1",14650000,NA,NA
"NC_058198.1",14660000,NA,NA
"NC_058198.1",14670000,NA,NA
"NC_058198.1",14680000,NA,NA
"NC_058198.1",14690000,NA,NA
"NC_058198.1",14700000,-0.455847,NA
"NC_058198.1",14700001,NA,9.53521e-06
"NC_058198.1",14710000,NA,NA
"NC_058198.1",14720000,-0.755871,NA
"NC_058198.1",14720001,NA,1.45777e-05
"NC_058198.1",14730000,NA,NA
"NC_058198.1",14740000,NA,NA
"NC_058198.1",14750000,NA,NA
"NC_058198.1",14760000,NA,NA
"NC_058198.1",14770000,NA,NA
"NC_058198.1",14780000,1.82659,NA
"NC_058198.1",14780001,NA,3.76969e-05
"NC_058198.1",14790000,NA,NA
"NC_058198.1",14800000,NA,NA
"NC_058198.1",14810000,NA,NA
"NC_058198.1",14820000,NA,NA
"NC_058198.1",14830000,NA,NA
"NC_058198.1",14840000,NA,NA
"NC_058198.1",14850000,NA,NA
"NC_058198.1",14860000,NA,NA
"NC_058198.1",14870000,NA,NA
"NC_058198.1",14880000,NA,NA
"NC_058198.1",14890000,NA,NA
"NC_058198.1",14900000,NA,NA
"NC_058198.1",14910000,NA,NA
"NC_058198.1",14920000,NA,NA
"NC_058198.1",14930000,NA,NA
"NC_058198.1",14940000,NA,NA
"NC_058198.1",14950000,NA,NA
"NC_058198.1",14960000,NA,NA
"NC_058198.1",14970000,NA,NA
"NC_058198.1",14980000,NA,NA
"NC_058198.1",14990000,NA,NA
"NC_058198.1",15000000,NA,NA
"NC_058198.1",15010000,NA,NA
"NC_058198.1",15020000,NA,NA
"NC_058198.1",15030000,NA,NA
"NC_058198.1",15040000,NA,NA
"NC_058198.1",15050000,NA,NA
"NC_058198.1",15060000,NA,NA
"NC_058198.1",15070000,NA,NA
"NC_058198.1",15080000,NA,NA
"NC_058198.1",15090000,NA,NA
"NC_058198.1",15100000,NA,NA
"NC_058198.1",15110000,NA,NA
"NC_058198.1",15120000,NA,NA
"NC_058198.1",15130000,NA,NA
"NC_058198.1",15140000,NA,NA
"NC_058198.1",15150000,NA,NA
"NC_058198.1",15160000,NA,NA
"NC_058198.1",15170000,NA,NA
"NC_058198.1",15180000,NA,NA
"NC_058198.1",15190000,NA,NA
"NC_058198.1",15200000,NA,NA
"NC_058198.1",15210000,NA,NA
"NC_058198.1",15220000,NA,NA
"NC_058198.1",15230000,NA,NA
"NC_058198.1",15240000,NA,NA
"NC_058198.1",15250000,NA,NA
"NC_058198.1",15260000,NA,NA
"NC_058198.1",15270000,NA,NA
"NC_058198.1",15280000,NA,NA
"NC_058198.1",15290000,NA,NA
"NC_058198.1",15300000,NA,NA
"NC_058198.1",15310000,NA,NA
"NC_058198.1",15320000,NA,NA
"NC_058198.1",15330000,NA,NA
"NC_058198.1",15340000,NA,NA
"NC_058198.1",15350000,NA,NA
"NC_058198.1",15360000,NA,NA
"NC_058198.1",15370000,NA,NA
"NC_058198.1",15380000,NA,NA
"NC_058198.1",15390000,NA,NA
"NC_058198.1",15400000,NA,NA
"NC_058198.1",15410000,NA,NA
"NC_058198.1",15420000,NA,NA
"NC_058198.1",15430000,NA,NA
"NC_058198.1",15440000,NA,NA
"NC_058198.1",15450000,NA,NA
"NC_058198.1",15460000,NA,NA
"NC_058198.1",15470000,NA,NA
"NC_058198.1",15480000,NA,NA
"NC_058198.1",15490000,NA,NA
"NC_058198.1",15500000,NA,NA
"NC_058198.1",15510000,NA,NA
"NC_058198.1",15520000,NA,NA
"NC_058198.1",15530000,NA,NA
"NC_058198.1",15540000,NA,NA
"NC_058198.1",15550000,NA,NA
"NC_058198.1",15560000,NA,NA
"NC_058198.1",15570000,NA,NA
"NC_058198.1",15580000,NA,NA
"NC_058198.1",15590000,NA,NA
"NC_058198.1",15600000,NA,NA
"NC_058198.1",15610000,NA,NA
"NC_058198.1",15620000,NA,NA
"NC_058198.1",15630000,NA,NA
"NC_058198.1",15640000,NA,NA
"NC_058198.1",15650000,NA,NA
"NC_058198.1",15660000,NA,NA
"NC_058198.1",15670000,NA,NA
"NC_058198.1",15680000,NA,NA
"NC_058198.1",15690000,NA,NA
"NC_058198.1",15700000,NA,NA
"NC_058198.1",15710000,NA,NA
"NC_058198.1",15720000,NA,NA
"NC_058198.1",15730000,NA,NA
"NC_058198.1",15740000,NA,NA
"NC_058198.1",15750000,NA,NA
"NC_058198.1",15760000,NA,NA
"NC_058198.1",15770000,NA,NA
"NC_058198.1",15780000,NA,NA
"NC_058198.1",15790000,NA,NA
"NC_058198.1",15800000,NA,NA
"NC_058198.1",15810000,NA,NA
"NC_058198.1",15820000,NA,NA
"NC_058198.1",15830000,NA,NA
"NC_058198.1",15840000,NA,NA
"NC_058198.1",15850000,NA,NA
"NC_058198.1",15860000,NA,NA
"NC_058198.1",15870000,NA,NA
"NC_058198.1",15880000,NA,NA
"NC_058198.1",15890000,NA,NA
"NC_058198.1",15900000,NA,NA
"NC_058198.1",15910000,NA,NA
"NC_058198.1",15920000,NA,NA
"NC_058198.1",15930000,NA,NA
"NC_058198.1",15940000,NA,NA
"NC_058198.1",15950000,NA,NA
"NC_058198.1",15960000,NA,NA
"NC_058198.1",15970000,NA,NA
"NC_058198.1",15980000,NA,NA
"NC_058198.1",15990000,NA,NA
"NC_058198.1",16000000,NA,NA
"NC_058198.1",16010000,NA,NA
"NC_058198.1",16020000,NA,NA
"NC_058198.1",16030000,NA,NA
"NC_058198.1",16040000,NA,NA
"NC_058198.1",16050000,NA,NA
"NC_058198.1",16060000,NA,NA
"NC_058198.1",16070000,NA,NA
"NC_058198.1",16080000,NA,NA
"NC_058198.1",16090000,NA,NA
"NC_058198.1",16100000,NA,NA
"NC_058198.1",16110000,NA,NA
"NC_058198.1",16120000,NA,NA
"NC_058198.1",16130000,NA,NA
"NC_058198.1",16140000,NA,NA
"NC_058198.1",16150000,NA,NA
"NC_058198.1",16160000,NA,NA
"NC_058198.1",16170000,NA,NA
"NC_058198.1",16180000,NA,NA
"NC_058198.1",16190000,NA,NA
"NC_058198.1",16200000,NA,NA
"NC_058198.1",16210000,NA,NA
"NC_058198.1",16220000,NA,NA
"NC_058198.1",16230000,NA,NA
"NC_058198.1",16240000,NA,NA
"NC_058198.1",16250000,NA,NA
"NC_058198.1",16260000,NA,NA
"NC_058198.1",16270000,NA,NA
"NC_058198.1",16280000,NA,NA
"NC_058198.1",16290000,NA,NA
"NC_058198.1",16300000,NA,NA
"NC_058198.1",16310000,NA,NA
"NC_058198.1",16320000,NA,NA
"NC_058198.1",16330000,NA,NA
"NC_058198.1",16340000,NA,NA
"NC_058198.1",16350000,NA,NA
"NC_058198.1",16360000,NA,NA
"NC_058198.1",16370000,NA,NA
"NC_058198.1",16380000,NA,NA
"NC_058198.1",16390000,NA,NA
"NC_058198.1",16400000,NA,NA
"NC_058198.1",16410000,NA,NA
"NC_058198.1",16420000,NA,NA
"NC_058198.1",16430000,NA,NA
"NC_058198.1",16440000,NA,NA
"NC_058198.1",16450000,NA,NA
"NC_058198.1",16460000,NA,NA
"NC_058198.1",16470000,NA,NA
"NC_058198.1",16480000,NA,NA
"NC_058198.1",16490000,NA,NA
"NC_058198.1",16500000,NA,NA
"NC_058198.1",16510000,NA,NA
"NC_058198.1",16520000,NA,NA
"NC_058198.1",16530000,NA,NA
"NC_058198.1",16540000,NA,NA
"NC_058198.1",16550000,NA,NA
"NC_058198.1",16560000,NA,NA
"NC_058198.1",16570000,NA,NA
"NC_058198.1",16580000,NA,NA
"NC_058198.1",16590000,NA,NA
"NC_058198.1",16600000,NA,NA
"NC_058198.1",16610000,NA,NA
"NC_058198.1",16620000,NA,NA
"NC_058198.1",16630000,NA,NA
"NC_058198.1",16640000,NA,NA
"NC_058198.1",16650000,NA,NA
"NC_058198.1",16660000,NA,NA
"NC_058198.1",16670000,NA,NA
"NC_058198.1",16680000,NA,NA
"NC_058198.1",16690000,NA,NA
"NC_058198.1",16700000,NA,NA
"NC_058198.1",16710000,NA,NA
"NC_058198.1",16720000,NA,NA
"NC_058198.1",16730000,NA,NA
"NC_058198.1",16740000,NA,NA
"NC_058198.1",16750000,NA,NA
"NC_058198.1",16760000,NA,NA
"NC_058198.1",16770000,NA,NA
"NC_058198.1",16780000,NA,NA
"NC_058198.1",16790000,NA,NA
"NC_058198.1",16800000,NA,NA
"NC_058198.1",16810000,NA,NA
"NC_058198.1",16820000,NA,NA
"NC_058198.1",16830000,NA,NA
"NC_058198.1",16840000,NA,NA
"NC_058198.1",16850000,NA,NA
"NC_058198.1",16860000,NA,NA
"NC_058198.1",16870000,NA,NA
"NC_058198.1",16880000,NA,NA
"NC_058198.1",16890000,NA,NA
"NC_058198.1",16900000,NA,NA
"NC_058198.1",16910000,NA,NA
"NC_058198.1",16920000,NA,NA
"NC_058198.1",16930000,NA,NA
"NC_058198.1",16940000,NA,NA
"NC_058198.1",16950000,NA,NA
"NC_058198.1",16960000,NA,NA
"NC_058198.1",16970000,NA,NA
"NC_058198.1",16980000,NA,NA
"NC_058198.1",16990000,NA,NA
"NC_058198.1",17000000,NA,NA
"NC_058198.1",17010000,NA,NA
"NC_058198.1",17020000,NA,NA
"NC_058198.1",17030000,NA,NA
"NC_058198.1",17040000,NA,NA
"NC_058198.1",17050000,NA,NA
"NC_058198.1",17060000,NA,NA
"NC_058198.1",17070000,NA,NA
"NC_058198.1",17080000,NA,NA
"NC_058198.1",17090000,NA,NA
"NC_058198.1",17100000,NA,NA
"NC_058198.1",17110000,NA,NA
"NC_058198.1",17120000,NA,NA
"NC_058198.1",17130000,NA,NA
"NC_058198.1",17140000,NA,NA
"NC_058198.1",17150000,NA,NA
"NC_058198.1",17160000,NA,NA
"NC_058198.1",17170000,NA,NA
"NC_058198.1",17180000,NA,NA
"NC_058198.1",17190000,NA,NA
"NC_058198.1",17200000,NA,NA
"NC_058198.1",17210000,NA,NA
"NC_058198.1",17220000,NA,NA
"NC_058198.1",17230000,NA,NA
"NC_058198.1",17240000,NA,NA
"NC_058198.1",17250000,NA,NA
"NC_058198.1",17260000,NA,NA
"NC_058198.1",17270000,NA,NA
"NC_058198.1",17280000,NA,NA
"NC_058198.1",17290000,NA,NA
"NC_058198.1",17300000,NA,NA
"NC_058198.1",17310000,NA,NA
"NC_058198.1",17320000,NA,NA
"NC_058198.1",17330000,NA,NA
"NC_058198.1",17340000,NA,NA
"NC_058198.1",17350000,NA,NA
"NC_058198.1",17360000,NA,NA
"NC_058198.1",17370000,NA,NA
"NC_058198.1",17380000,NA,NA
"NC_058198.1",17390000,NA,NA
"NC_058198.1",17400000,NA,NA
"NC_058198.1",17410000,NA,NA
"NC_058198.1",17420000,NA,NA
"NC_058198.1",17430000,NA,NA
"NC_058198.1",17440000,NA,NA
"NC_058198.1",17450000,NA,NA
"NC_058198.1",17460000,NA,NA
"NC_058198.1",17470000,NA,NA
"NC_058198.1",17480000,NA,NA
"NC_058198.1",17490000,NA,NA
"NC_058198.1",17500000,NA,NA
"NC_058198.1",17510000,NA,NA
"NC_058198.1",17520000,NA,NA
"NC_058198.1",17530000,NA,NA
"NC_058198.1",17540000,NA,NA
"NC_058198.1",17550000,NA,NA
"NC_058198.1",17560000,NA,NA
"NC_058198.1",17570000,NA,NA
"NC_058198.1",17580000,NA,NA
"NC_058198.1",17590000,NA,NA
"NC_058198.1",17600000,NA,NA
"NC_058198.1",17610000,NA,NA
"NC_058198.1",17620000,NA,NA
"NC_058198.1",17630000,NA,NA
"NC_058198.1",17640000,NA,NA
"NC_058198.1",17650000,NA,NA
"NC_058198.1",17660000,NA,NA
"NC_058198.1",17670000,NA,NA
"NC_058198.1",17680000,NA,NA
"NC_058198.1",17690000,NA,NA
"NC_058198.1",17700000,NA,NA
"NC_058198.1",17710000,NA,NA
"NC_058198.1",17720000,NA,NA
"NC_058198.1",17730000,NA,NA
"NC_058198.1",17740000,NA,NA
"NC_058198.1",17750000,NA,NA
"NC_058198.1",17760000,NA,NA
"NC_058198.1",17770000,NA,NA
"NC_058198.1",17780000,NA,NA
"NC_058198.1",17790000,NA,NA
"NC_058198.1",17800000,NA,NA
"NC_058198.1",17810000,NA,NA
"NC_058198.1",17820000,NA,NA
"NC_058198.1",17830000,NA,NA
"NC_058198.1",17840000,NA,NA
"NC_058198.1",17850000,NA,NA
"NC_058198.1",17860000,NA,NA
"NC_058198.1",17870000,NA,NA
"NC_058198.1",17880000,NA,NA
"NC_058198.1",17890000,NA,NA
"NC_058198.1",17900000,NA,NA
"NC_058198.1",17910000,NA,NA
"NC_058198.1",17920000,NA,NA
"NC_058198.1",17930000,NA,NA
"NC_058198.1",17940000,NA,NA
"NC_058198.1",17950000,NA,NA
"NC_058198.1",17960000,NA,NA
"NC_058198.1",17970000,NA,NA
"NC_058198.1",17980000,NA,NA
"NC_058198.1",17990000,NA,NA
"NC_058198.1",18000000,NA,NA
"NC_058198.1",18010000,NA,NA
"NC_058198.1",18020000,NA,NA
"NC_058198.1",18030000,NA,NA
"NC_058198.1",18040000,NA,NA
"NC_058198.1",18050000,NA,NA
"NC_058198.1",18060000,NA,NA
"NC_058198.1",18070000,NA,NA
"NC_058198.1",18080000,NA,NA
"NC_058198.1",18090000,NA,NA
"NC_058198.1",18090001,NA,1.12072e-05
"NC_058198.1",18100000,NA,NA
"NC_058198.1",18110000,NA,NA
"NC_058198.1",18120000,NA,NA
"NC_058198.1",18130000,NA,NA
"NC_058198.1",18140000,NA,NA
"NC_058198.1",18150000,NA,NA
"NC_058198.1",18160000,NA,NA
"NC_058198.1",18170000,NA,NA
"NC_058198.1",18180000,NA,NA
"NC_058198.1",18190000,NA,NA
"NC_058198.1",18200000,NA,NA
"NC_058198.1",18210000,NA,NA
"NC_058198.1",18220000,NA,NA
"NC_058198.1",18230000,NA,NA
"NC_058198.1",18240000,NA,NA
"NC_058198.1",18250000,NA,NA
"NC_058198.1",18260000,NA,NA
"NC_058198.1",18270000,NA,NA
"NC_058198.1",18280000,NA,NA
"NC_058198.1",18290000,NA,NA
"NC_058198.1",18300000,NA,NA
"NC_058198.1",18310000,NA,NA
"NC_058198.1",18320000,NA,NA
"NC_058198.1",18330000,NA,NA
"NC_058198.1",18340000,NA,NA
"NC_058198.1",18350000,NA,NA
"NC_058198.1",18360000,NA,NA
"NC_058198.1",18370000,NA,NA
"NC_058198.1",18380000,NA,NA
"NC_058198.1",18390000,NA,NA
"NC_058198.1",18400000,NA,NA
"NC_058198.1",18410000,NA,NA
"NC_058198.1",18420000,NA,NA
"NC_058198.1",18430000,-0.455847,NA
"NC_058198.1",18430001,NA,9.53521e-06
"NC_058198.1",18440000,NA,NA
"NC_058198.1",18450000,NA,NA
"NC_058198.1",18460000,NA,NA
"NC_058198.1",18470000,NA,NA
"NC_058198.1",18480000,NA,NA
"NC_058198.1",18490000,NA,NA
"NC_058198.1",18500000,NA,NA
"NC_058198.1",18510000,NA,NA
"NC_058198.1",18520000,NA,NA
"NC_058198.1",18530000,NA,NA
"NC_058198.1",18540000,NA,NA
"NC_058198.1",18550000,NA,NA
"NC_058198.1",18560000,NA,NA
"NC_058198.1",18570000,NA,NA
"NC_058198.1",18580000,NA,NA
"NC_058198.1",18590000,NA,NA
"NC_058198.1",18600000,NA,NA
"NC_058198.1",18610000,NA,NA
"NC_058198.1",18620000,NA,NA
"NC_058198.1",18630000,NA,NA
"NC_058198.1",18640000,NA,NA
"NC_058198.1",18650000,NA,NA
"NC_058198.1",18660000,NA,NA
"NC_058198.1",18670000,NA,NA
"NC_058198.1",18680000,NA,NA
"NC_058198.1",18690000,NA,NA
"NC_058198.1",18700000,NA,NA
"NC_058198.1",18710000,NA,NA
"NC_058198.1",18720000,NA,NA
"NC_058198.1",18730000,NA,NA
"NC_058198.1",18740000,NA,NA
"NC_058198.1",18750000,NA,NA
"NC_058198.1",18760000,NA,NA
"NC_058198.1",18770000,NA,NA
"NC_058198.1",18780000,NA,NA
"NC_058198.1",18790000,-1.23641,NA
"NC_058198.1",18790001,NA,5.0557e-05
"NC_058198.1",18800000,NA,NA
"NC_058198.1",18810000,NA,NA
"NC_058198.1",18820000,NA,NA
"NC_058198.1",18830000,NA,NA
"NC_058198.1",18840000,NA,NA
"NC_058198.1",18850000,NA,NA
"NC_058198.1",18860000,NA,NA
"NC_058198.1",18870000,NA,NA
"NC_058198.1",18880000,NA,NA
"NC_058198.1",18890000,NA,NA
"NC_058198.1",18900000,NA,NA
"NC_058198.1",18910000,NA,NA
"NC_058198.1",18920000,NA,NA
"NC_058198.1",18930000,NA,NA
"NC_058198.1",18940000,NA,NA
"NC_058198.1",18950000,NA,NA
"NC_058198.1",18960000,NA,NA
"NC_058198.1",18970000,-1.18341,NA
"NC_058198.1",18970001,NA,8.15075e-06
"NC_058198.1",18980000,NA,NA
"NC_058198.1",18990000,NA,NA
"NC_058198.1",19000000,NA,NA
"NC_058198.1",19010000,-1.17874,NA
"NC_058198.1",19010001,NA,8.04629e-06
"NC_058198.1",19020000,NA,NA
"NC_058198.1",19030000,NA,NA
"NC_058198.1",19040000,NA,NA
"NC_058198.1",19050000,-1.02105,NA
"NC_058198.1",19050001,NA,1.9593e-06
"NC_058198.1",19060000,NA,NA
"NC_058198.1",19070000,NA,NA
"NC_058198.1",19080000,NA,NA
"NC_058198.1",19090000,NA,NA
"NC_058198.1",19100000,NA,NA
"NC_058198.1",19110000,NA,NA
"NC_058198.1",19120000,NA,NA
"NC_058198.1",19130000,NA,NA
"NC_058198.1",19140000,NA,NA
"NC_058198.1",19150000,NA,NA
"NC_058198.1",19160000,NA,NA
"NC_058198.1",19170000,NA,NA
"NC_058198.1",19180000,-1.19648,NA
"NC_058198.1",19180001,NA,1.51527e-05
"NC_058198.1",19190000,-0.721298,NA
"NC_058198.1",19190001,NA,5.72115e-06
"NC_058198.1",19200000,NA,NA
"NC_058198.1",19210000,-1.025,NA
"NC_058198.1",19210001,NA,2.01154e-06
"NC_058198.1",19220000,NA,NA
"NC_058198.1",19230000,NA,NA
"NC_058198.1",19240000,NA,NA
"NC_058198.1",19250000,NA,NA
"NC_058198.1",19260000,NA,NA
"NC_058198.1",19270000,NA,NA
"NC_058198.1",19280000,NA,NA
"NC_058198.1",19290000,NA,NA
"NC_058198.1",19300000,NA,NA
"NC_058198.1",19310000,NA,NA
"NC_058198.1",19320000,NA,NA
"NC_058198.1",19330000,NA,NA
"NC_058198.1",19340000,NA,NA
"NC_058198.1",19350000,NA,NA
"NC_058198.1",19360000,NA,NA
"NC_058198.1",19370000,NA,NA
"NC_058198.1",19380000,NA,NA
"NC_058198.1",19390000,NA,NA
"NC_058198.1",19400000,NA,NA
"NC_058198.1",19410000,NA,NA
"NC_058198.1",19420000,NA,NA
"NC_058198.1",19430000,NA,NA
"NC_058198.1",19440000,-1.025,NA
"NC_058198.1",19440001,NA,2.01154e-06
"NC_058198.1",19450000,NA,NA
"NC_058198.1",19460000,NA,NA
"NC_058198.1",19470000,NA,NA
"NC_058198.1",19480000,NA,NA
"NC_058198.1",19490000,NA,NA
"NC_058198.1",19500000,NA,NA
"NC_058198.1",19510000,NA,NA
"NC_058198.1",19520000,NA,NA
"NC_058198.1",19530000,NA,NA
"NC_058198.1",19540000,NA,NA
"NC_058198.1",19550000,NA,NA
"NC_058198.1",19560000,NA,NA
"NC_058198.1",19570000,NA,NA
"NC_058198.1",19580000,NA,NA
"NC_058198.1",19590000,NA,NA
"NC_058198.1",19600000,NA,NA
"NC_058198.1",19610000,-1.24297,NA
"NC_058198.1",19610001,NA,4.2482e-05
"NC_058198.1",19620000,-0.539581,NA
"NC_058198.1",19620001,NA,1.98284e-05
"NC_058198.1",19630000,NA,NA
"NC_058198.1",19640000,NA,NA
"NC_058198.1",19650000,NA,NA
"NC_058198.1",19660000,NA,NA
"NC_058198.1",19670000,NA,NA
"NC_058198.1",19680000,NA,NA
"NC_058198.1",19690000,NA,NA
"NC_058198.1",19700000,NA,NA
"NC_058198.1",19710000,NA,NA
"NC_058198.1",19720000,NA,NA
"NC_058198.1",19730000,NA,NA
"NC_058198.1",19740000,NA,NA
"NC_058198.1",19750000,NA,NA
"NC_058198.1",19760000,NA,NA
"NC_058198.1",19770000,NA,NA
"NC_058198.1",19780000,NA,NA
"NC_058198.1",19790000,NA,NA
"NC_058198.1",19800000,NA,NA
"NC_058198.1",19810000,NA,NA
"NC_058198.1",19820000,NA,NA
"NC_058198.1",19830000,NA,NA
"NC_058198.1",19840000,NA,NA
"NC_058198.1",19850000,-0.455847,NA
"NC_058198.1",19850001,NA,9.53521e-06
"NC_058198.1",19860000,NA,NA
"NC_058198.1",19870000,NA,NA
"NC_058198.1",19880000,-0.577667,NA
"NC_058198.1",19880001,NA,7.5237e-06
"NC_058198.1",19890000,NA,NA
"NC_058198.1",19900000,NA,NA
"NC_058198.1",19910000,NA,NA
"NC_058198.1",19920000,NA,NA
"NC_058198.1",19930000,NA,NA
"NC_058198.1",19940000,NA,NA
"NC_058198.1",19950000,-1.025,NA
"NC_058198.1",19950001,NA,2.01154e-06
"NC_058198.1",19960000,NA,NA
"NC_058198.1",19970000,NA,NA
"NC_058198.1",19980000,NA,NA
"NC_058198.1",19990000,NA,NA
"NC_058198.1",20000000,NA,NA
"NC_058198.1",20010000,NA,NA
"NC_058198.1",20020000,NA,NA
"NC_058198.1",20030000,NA,NA
"NC_058198.1",20040000,NA,NA
"NC_058198.1",20050000,NA,NA
"NC_058198.1",20060000,NA,NA
"NC_058198.1",20070000,-1.08217,NA
"NC_058198.1",20070001,NA,9.95337e-06
"NC_058198.1",20080000,NA,NA
"NC_058198.1",20090000,NA,NA
"NC_058198.1",20100000,NA,NA
"NC_058198.1",20110000,NA,NA
"NC_058198.1",20120000,NA,NA
"NC_058198.1",20130000,NA,NA
"NC_058198.1",20140000,NA,NA
"NC_058198.1",20150000,NA,NA
"NC_058198.1",20160000,NA,NA
"NC_058198.1",20170000,NA,NA
"NC_058198.1",20180000,NA,NA
"NC_058198.1",20190000,NA,NA
"NC_058198.1",20200000,NA,NA
"NC_058198.1",20210000,NA,NA
"NC_058198.1",20220000,NA,NA
"NC_058198.1",20230000,-1.15939,NA
"NC_058198.1",20230001,NA,1.73209e-05
"NC_058198.1",20240000,NA,NA
"NC_058198.1",20250000,NA,NA
"NC_058198.1",20260000,NA,NA
"NC_058198.1",20270000,NA,NA
"NC_058198.1",20280000,NA,NA
"NC_058198.1",20290000,NA,NA
"NC_058198.1",20300000,NA,NA
"NC_058198.1",20310000,NA,NA
"NC_058198.1",20320000,NA,NA
"NC_058198.1",20330000,NA,NA
"NC_058198.1",20340000,-0.82909,NA
"NC_058198.1",20340001,NA,1.63014e-05
"NC_058198.1",20350000,NA,NA
"NC_058198.1",20360000,NA,NA
"NC_058198.1",20370000,NA,NA
"NC_058198.1",20380000,NA,NA
"NC_058198.1",20390000,NA,NA
"NC_058198.1",20400000,NA,NA
"NC_058198.1",20410000,NA,NA
"NC_058198.1",20420000,NA,NA
"NC_058198.1",20430000,NA,NA
"NC_058198.1",20440000,NA,NA
"NC_058198.1",20450000,NA,NA
"NC_058198.1",20460000,NA,NA
"NC_058198.1",20470000,NA,NA
"NC_058198.1",20480000,NA,NA
"NC_058198.1",20490000,NA,NA
"NC_058198.1",20500000,NA,NA
"NC_058198.1",20510000,NA,NA
"NC_058198.1",20520000,NA,NA
"NC_058198.1",20530000,NA,NA
"NC_058198.1",20540000,NA,NA
"NC_058198.1",20550000,NA,NA
"NC_058198.1",20560000,NA,NA
"NC_058198.1",20570000,NA,NA
"NC_058198.1",20580000,NA,NA
"NC_058198.1",20590000,NA,NA
"NC_058198.1",20600000,NA,NA
"NC_058198.1",20610000,NA,NA
"NC_058198.1",20620000,NA,NA
"NC_058198.1",20630000,NA,NA
"NC_058198.1",20640000,NA,NA
"NC_058198.1",20650000,NA,NA
"NC_058198.1",20660000,NA,NA
"NC_058198.1",20670000,NA,NA
"NC_058198.1",20680000,NA,NA
"NC_058198.1",20690000,NA,NA
"NC_058198.1",20700000,NA,NA
"NC_058198.1",20710000,NA,NA
"NC_058198.1",20720000,NA,NA
"NC_058198.1",20730000,NA,NA
"NC_058198.1",20740000,-0.732519,NA
"NC_058198.1",20740001,NA,5.87787e-06
"NC_058198.1",20750000,-0.99752,NA
"NC_058198.1",20750001,NA,1.20171e-05
"NC_058198.1",20760000,-0.242045,NA
"NC_058198.1",20760001,NA,2.40084e-05
"NC_058198.1",20770000,NA,NA
"NC_058198.1",20780000,NA,NA
"NC_058198.1",20790000,-0.60606,NA
"NC_058198.1",20790001,NA,7.94162e-06
"NC_058198.1",20800000,-0.30011,NA
"NC_058198.1",20800001,NA,0.0001014
"NC_058198.1",20810000,1.49469,NA
"NC_058198.1",20810001,NA,3.53195e-05
"NC_058198.1",20820000,1.26753,NA
"NC_058198.1",20820001,NA,7.49012e-05
"NC_058198.1",20830000,-0.29124,NA
"NC_058198.1",20830001,NA,4.44369e-05
"NC_058198.1",20840000,NA,NA
"NC_058198.1",20850000,NA,NA
"NC_058198.1",20860000,NA,NA
"NC_058198.1",20870000,NA,NA
"NC_058198.1",20880000,NA,NA
"NC_058198.1",20890000,NA,NA
"NC_058198.1",20900000,NA,NA
"NC_058198.1",20910000,NA,NA
"NC_058198.1",20920000,NA,NA
"NC_058198.1",20930000,-0.851406,NA
"NC_058198.1",20930001,NA,1.28795e-05
"NC_058198.1",20940000,NA,NA
"NC_058198.1",20950000,NA,NA
"NC_058198.1",20960000,NA,NA
"NC_058198.1",20970000,NA,NA
"NC_058198.1",20980000,NA,NA
"NC_058198.1",20990000,NA,NA
"NC_058198.1",21000000,NA,NA
"NC_058198.1",21010000,NA,NA
"NC_058198.1",21020000,NA,NA
"NC_058198.1",21030000,NA,NA
"NC_058198.1",21040000,NA,NA
"NC_058198.1",21050000,NA,NA
"NC_058198.1",21060000,NA,NA
"NC_058198.1",21070000,NA,NA
"NC_058198.1",21080000,NA,NA
"NC_058198.1",21090000,NA,NA
"NC_058198.1",21100000,NA,NA
"NC_058198.1",21110000,NA,NA
"NC_058198.1",21120000,NA,NA
"NC_058198.1",21130000,NA,NA
"NC_058198.1",21140000,NA,NA
"NC_058198.1",21150000,NA,NA
"NC_058198.1",21160000,NA,NA
"NC_058198.1",21170000,-0.592207,NA
"NC_058198.1",21170001,NA,7.73266e-06
"NC_058198.1",21180000,-0.228552,NA
"NC_058198.1",21180001,NA,2.52625e-05
"NC_058198.1",21190000,NA,NA
"NC_058198.1",21200000,NA,NA
"NC_058198.1",21210000,NA,NA
"NC_058198.1",21220000,NA,NA
"NC_058198.1",21230000,NA,NA
"NC_058198.1",21240000,NA,NA
"NC_058198.1",21250000,NA,NA
"NC_058198.1",21260000,NA,NA
"NC_058198.1",21270000,NA,NA
"NC_058198.1",21280000,NA,NA
"NC_058198.1",21290000,NA,NA
"NC_058198.1",21300000,-0.721298,NA
"NC_058198.1",21300001,NA,5.72115e-06
"NC_058198.1",21310000,NA,NA
"NC_058198.1",21320000,NA,NA
"NC_058198.1",21330000,NA,NA
"NC_058198.1",21340000,NA,NA
"NC_058198.1",21350000,NA,NA
"NC_058198.1",21360000,-1.46098,NA
"NC_058198.1",21360001,NA,2.44012e-05
"NC_058198.1",21370000,-1.03233,NA
"NC_058198.1",21370001,NA,2.11602e-06
"NC_058198.1",21380000,NA,NA
"NC_058198.1",21390000,NA,NA
"NC_058198.1",21400000,-0.438199,NA
"NC_058198.1",21400001,NA,9.27401e-06
"NC_058198.1",21410000,NA,NA
"NC_058198.1",21420000,NA,NA
"NC_058198.1",21430000,NA,NA
"NC_058198.1",21440000,NA,NA
"NC_058198.1",21450000,-1.01466,NA
"NC_058198.1",21450001,NA,0.000103395
"NC_058198.1",21460000,NA,NA
"NC_058198.1",21470000,NA,NA
"NC_058198.1",21480000,NA,NA
"NC_058198.1",21490000,-1.025,NA
"NC_058198.1",21490001,NA,2.01154e-06
"NC_058198.1",21500000,NA,NA
"NC_058198.1",21510000,NA,NA
"NC_058198.1",21520000,NA,NA
"NC_058198.1",21530000,NA,NA
"NC_058198.1",21540000,NA,NA
"NC_058198.1",21550000,NA,NA
"NC_058198.1",21560000,NA,NA
"NC_058198.1",21570000,NA,NA
"NC_058198.1",21580000,NA,NA
"NC_058198.1",21590000,NA,NA
"NC_058198.1",21600000,NA,NA
"NC_058198.1",21610000,NA,NA
"NC_058198.1",21620000,NA,NA
"NC_058198.1",21630000,NA,NA
"NC_058198.1",21640000,NA,NA
"NC_058198.1",21650000,NA,NA
"NC_058198.1",21660000,NA,NA
"NC_058198.1",21670000,-0.291687,NA
"NC_058198.1",21670001,NA,3.75421e-05
"NC_058198.1",21680000,NA,NA
"NC_058198.1",21690000,-0.753384,NA
"NC_058198.1",21690001,NA,6.1913e-06
"NC_058198.1",21700000,NA,NA
"NC_058198.1",21710000,NA,NA
"NC_058198.1",21720000,-1.025,NA
"NC_058198.1",21720001,NA,2.01154e-06
"NC_058198.1",21730000,NA,NA
"NC_058198.1",21740000,NA,NA
"NC_058198.1",21750000,NA,NA
"NC_058198.1",21760000,NA,NA
"NC_058198.1",21770000,NA,NA
"NC_058198.1",21780000,NA,NA
"NC_058198.1",21790000,NA,NA
"NC_058198.1",21800000,NA,NA
"NC_058198.1",21810000,NA,NA
"NC_058198.1",21820000,NA,NA
"NC_058198.1",21830000,NA,NA
"NC_058198.1",21840000,NA,NA
"NC_058198.1",21850000,NA,NA
"NC_058198.1",21860000,NA,NA
"NC_058198.1",21870000,NA,NA
"NC_058198.1",21880000,NA,NA
"NC_058198.1",21890000,NA,NA
"NC_058198.1",21900000,NA,NA
"NC_058198.1",21910000,NA,NA
"NC_058198.1",21920000,NA,NA
"NC_058198.1",21930000,0.0500666,NA
"NC_058198.1",21930001,NA,1.62229e-05
"NC_058198.1",21940000,NA,NA
"NC_058198.1",21950000,NA,NA
"NC_058198.1",21960000,NA,NA
"NC_058198.1",21970000,NA,NA
"NC_058198.1",21980000,NA,NA
"NC_058198.1",21990000,NA,NA
"NC_058198.1",22000000,NA,NA
"NC_058198.1",22010000,NA,NA
"NC_058198.1",22020000,NA,NA
"NC_058198.1",22030000,NA,NA
"NC_058198.1",22040000,NA,NA
"NC_058198.1",22050000,NA,NA
"NC_058198.1",22060000,NA,NA
"NC_058198.1",22070000,NA,NA
"NC_058198.1",22080000,NA,NA
"NC_058198.1",22090000,NA,NA
"NC_058198.1",22100000,NA,NA
"NC_058198.1",22110000,-0.68653,NA
"NC_058198.1",22110001,NA,5.06855e-05
"NC_058198.1",22120000,NA,NA
"NC_058198.1",22130000,NA,NA
"NC_058198.1",22140000,NA,NA
"NC_058198.1",22150000,NA,NA
"NC_058198.1",22160000,-0.701572,NA
"NC_058198.1",22160001,NA,1.72682e-05
"NC_058198.1",22170000,NA,NA
"NC_058198.1",22180000,NA,NA
"NC_058198.1",22190000,NA,NA
"NC_058198.1",22200000,NA,NA
"NC_058198.1",22210000,NA,NA
"NC_058198.1",22220000,NA,NA
"NC_058198.1",22230000,NA,NA
"NC_058198.1",22240000,-0.897715,NA
"NC_058198.1",22240001,NA,4.28426e-06
"NC_058198.1",22250000,NA,NA
"NC_058198.1",22260000,NA,NA
"NC_058198.1",22270000,NA,NA
"NC_058198.1",22280000,NA,NA
"NC_058198.1",22290000,NA,NA
"NC_058198.1",22300000,NA,NA
"NC_058198.1",22310000,NA,NA
"NC_058198.1",22320000,NA,NA
"NC_058198.1",22330000,NA,NA
"NC_058198.1",22340000,NA,NA
"NC_058198.1",22350000,NA,NA
"NC_058198.1",22360000,NA,NA
"NC_058198.1",22370000,NA,NA
"NC_058198.1",22380000,NA,NA
"NC_058198.1",22390000,NA,NA
"NC_058198.1",22400000,NA,NA
"NC_058198.1",22410000,NA,NA
"NC_058198.1",22420000,NA,NA
"NC_058198.1",22430000,NA,NA
"NC_058198.1",22440000,NA,NA
"NC_058198.1",22450000,NA,NA
"NC_058198.1",22460000,NA,NA
"NC_058198.1",22470000,NA,NA
"NC_058198.1",22480000,NA,NA
"NC_058198.1",22490000,NA,NA
"NC_058198.1",22500000,NA,NA
"NC_058198.1",22510000,NA,NA
"NC_058198.1",22520000,-0.980703,NA
"NC_058198.1",22520001,NA,1.1756e-05
"NC_058198.1",22530000,NA,NA
"NC_058198.1",22540000,NA,NA
"NC_058198.1",22550000,NA,NA
"NC_058198.1",22560000,NA,NA
"NC_058198.1",22570000,NA,NA
"NC_058198.1",22580000,NA,NA
"NC_058198.1",22590000,NA,NA
"NC_058198.1",22600000,NA,NA
"NC_058198.1",22610000,NA,NA
"NC_058198.1",22620000,NA,NA
"NC_058198.1",22630000,NA,NA
"NC_058198.1",22640000,NA,NA
"NC_058198.1",22650000,NA,NA
"NC_058198.1",22660000,NA,NA
"NC_058198.1",22670000,NA,NA
"NC_058198.1",22680000,NA,NA
"NC_058198.1",22690000,NA,NA
"NC_058198.1",22700000,NA,NA
"NC_058198.1",22710000,NA,NA
"NC_058198.1",22720000,NA,NA
"NC_058198.1",22730000,NA,NA
"NC_058198.1",22740000,-1.15466,NA
"NC_058198.1",22740001,NA,1.78432e-05
"NC_058198.1",22750000,NA,NA
"NC_058198.1",22760000,NA,NA
"NC_058198.1",22770000,NA,NA
"NC_058198.1",22780000,NA,NA
"NC_058198.1",22790000,NA,NA
"NC_058198.1",22800000,NA,NA
"NC_058198.1",22810000,NA,NA
"NC_058198.1",22820000,-0.254919,NA
"NC_058198.1",22820001,NA,0.000122818
"NC_058198.1",22830000,-1.06385,NA
"NC_058198.1",22830001,NA,9.26427e-05
"NC_058198.1",22840000,NA,NA
"NC_058198.1",22850000,NA,NA
"NC_058198.1",22860000,NA,NA
"NC_058198.1",22870000,NA,NA
"NC_058198.1",22880000,NA,NA
"NC_058198.1",22890000,NA,NA
"NC_058198.1",22900000,NA,NA
"NC_058198.1",22910000,NA,NA
"NC_058198.1",22920000,NA,NA
"NC_058198.1",22930000,NA,NA
"NC_058198.1",22940000,NA,NA
"NC_058198.1",22950000,NA,NA
"NC_058198.1",22960000,NA,NA
"NC_058198.1",22970000,-0.869092,NA
"NC_058198.1",22970001,NA,3.86635e-06
"NC_058198.1",22980000,NA,NA
"NC_058198.1",22990000,0.883604,NA
"NC_058198.1",22990001,NA,7.50555e-05
"NC_058198.1",23000000,NA,NA
"NC_058198.1",23010000,NA,NA
"NC_058198.1",23020000,NA,NA
"NC_058198.1",23030000,NA,NA
"NC_058198.1",23040000,NA,NA
"NC_058198.1",23050000,NA,NA
"NC_058198.1",23060000,NA,NA
"NC_058198.1",23070000,NA,NA
"NC_058198.1",23080000,NA,NA
"NC_058198.1",23090000,NA,NA
"NC_058198.1",23100000,NA,NA
"NC_058198.1",23110000,NA,NA
"NC_058198.1",23120000,NA,NA
"NC_058198.1",23130000,NA,NA
"NC_058198.1",23140000,NA,NA
"NC_058198.1",23150000,NA,NA
"NC_058198.1",23160000,NA,NA
"NC_058198.1",23170000,NA,NA
"NC_058198.1",23180000,NA,NA
"NC_058198.1",23190000,NA,NA
"NC_058198.1",23200000,NA,NA
"NC_058198.1",23210000,NA,NA
"NC_058198.1",23220000,NA,NA
"NC_058198.1",23230000,NA,NA
"NC_058198.1",23240000,NA,NA
"NC_058198.1",23250000,NA,NA
"NC_058198.1",23260000,NA,NA
"NC_058198.1",23270000,NA,NA
"NC_058198.1",23280000,-0.869092,NA
"NC_058198.1",23280001,NA,3.86635e-06
"NC_058198.1",23290000,NA,NA
"NC_058198.1",23300000,NA,NA
"NC_058198.1",23310000,NA,NA
"NC_058198.1",23320000,NA,NA
"NC_058198.1",23330000,-0.475357,NA
"NC_058198.1",23330001,NA,2.17355e-05
"NC_058198.1",23340000,0.159077,NA
"NC_058198.1",23340001,NA,7.06162e-05
"NC_058198.1",23350000,-0.0230992,NA
"NC_058198.1",23350001,NA,5.84177e-05
"NC_058198.1",23360000,0.625291,NA
"NC_058198.1",23360001,NA,4.3471e-05
"NC_058198.1",23370000,NA,NA
"NC_058198.1",23380000,NA,NA
"NC_058198.1",23390000,NA,NA
"NC_058198.1",23400000,NA,NA
"NC_058198.1",23410000,NA,NA
"NC_058198.1",23420000,-1.19966,NA
"NC_058198.1",23420001,NA,3.82214e-05
"NC_058198.1",23430000,-0.516003,NA
"NC_058198.1",23430001,NA,6.10562e-05
"NC_058198.1",23440000,NA,NA
"NC_058198.1",23450000,NA,NA
"NC_058198.1",23460000,NA,NA
"NC_058198.1",23470000,NA,NA
"NC_058198.1",23480000,NA,NA
"NC_058198.1",23480001,NA,1.67454e-05
"NC_058198.1",23490000,0.209648,NA
"NC_058198.1",23490001,NA,5.62201e-05
"NC_058198.1",23500000,-0.257026,NA
"NC_058198.1",23500001,NA,0.000161306
"NC_058198.1",23510000,-0.0274902,NA
"NC_058198.1",23510001,NA,0.000173204
"NC_058198.1",23520000,-0.740115,NA
"NC_058198.1",23520001,NA,3.94236e-05
"NC_058198.1",23530000,-0.652783,NA
"NC_058198.1",23530001,NA,7.94529e-05
"NC_058198.1",23540000,-0.860997,NA
"NC_058198.1",23540001,NA,3.76187e-06
"NC_058198.1",23550000,0.225468,NA
"NC_058198.1",23550001,NA,0.000159586
"NC_058198.1",23560000,-1.17115,NA
"NC_058198.1",23560001,NA,2.7745e-05
"NC_058198.1",23570000,NA,NA
"NC_058198.1",23580000,-1.26791,NA
"NC_058198.1",23580001,NA,5.87802e-06
"NC_058198.1",23590000,-0.917857,NA
"NC_058198.1",23590001,NA,0.000115124
"NC_058198.1",23600000,NA,NA
"NC_058198.1",23610000,NA,NA
"NC_058198.1",23620000,NA,NA
"NC_058198.1",23630000,-0.340723,NA
"NC_058198.1",23630001,NA,2.696e-05
"NC_058198.1",23640000,-1.03574,NA
"NC_058198.1",23640001,NA,2.16825e-06
"NC_058198.1",23650000,NA,NA
"NC_058198.1",23660000,NA,NA
"NC_058198.1",23670000,NA,NA
"NC_058198.1",23680000,NA,NA
"NC_058198.1",23690000,NA,NA
"NC_058198.1",23700000,NA,NA
"NC_058198.1",23710000,NA,NA
"NC_058198.1",23720000,NA,NA
"NC_058198.1",23730000,NA,NA
"NC_058198.1",23740000,NA,NA
"NC_058198.1",23750000,NA,NA
"NC_058198.1",23760000,-0.8841,NA
"NC_058198.1",23760001,NA,4.07531e-06
"NC_058198.1",23770000,-0.577667,NA
"NC_058198.1",23770001,NA,7.5237e-06
"NC_058198.1",23780000,NA,NA
"NC_058198.1",23790000,NA,NA
"NC_058198.1",23800000,NA,NA
"NC_058198.1",23810000,NA,NA
"NC_058198.1",23820000,NA,NA
"NC_058198.1",23830000,NA,NA
"NC_058198.1",23840000,NA,NA
"NC_058198.1",23850000,-0.438199,NA
"NC_058198.1",23850001,NA,9.27401e-06
"NC_058198.1",23860000,NA,NA
"NC_058198.1",23870000,NA,NA
"NC_058198.1",23880000,NA,NA
"NC_058198.1",23890000,NA,NA
"NC_058198.1",23900000,-1.12603,NA
"NC_058198.1",23900001,NA,9.22067e-05
